id	dir	name	spec	tsv_layout	sim_producers	proto	server	client	side_notes	contract_test
0x00	S2C	GameLoading	sim/intents-events.md §8.1 r4, client/model.md §7 r1	1	crates/d2-sim/src/units/messages.rs:13 GAME_LOADING	crates/d2-proto/src/generated.rs:3416 GameLoading encode/decode	crates/d2-server/src/adapters/session_flow.rs:358 out.queue	crates/d2-client/src/bridge/msg/session.rs:22 game_loading	-	added: session_bytes_0x00_0x02_0x04_0x05_0x06_one_layout
0x01	S2C	GameFlags	sim/intents-events.md §8.1 r3, client/model.md §7 r2	8 difficulty:u8@1 unk:u32@2 expansion:u8@6 ladder:u8@7	crates/d2-sim/src/units/messages.rs:22 game_flags	crates/d2-proto/src/generated.rs:3441 GameFlags encode/decode	crates/d2-server/src/adapters/session_flow.rs:355 game_flags -> out.queue	crates/d2-client/src/bridge/msg/session.rs:28 game_flags (via d2_proto parse)	-	added: game_flags_0x01_one_layout
0x02	S2C	LoadSuccessful	sim/intents-events.md §8.1 r6, client/model.md §7 r3	1	crates/d2-sim/src/units/messages.rs:15 LOAD_SUCCESSFUL	crates/d2-proto/src/generated.rs:3484 LoadSuccessful	crates/d2-server/src/adapters/session_flow.rs:362 out.queue	crates/d2-client/src/bridge/msg/session.rs:41 load_successful (answers C->S 0x6B)	-	added: session_bytes_0x00_0x02_0x04_0x05_0x06_one_layout
0x03	S2C	LoadAct	client/model.md §7 r4 §11 r1, sim/intents-events.md §8.1	12 act:u8@1 u32@2 u16@6 u32@8	crates/d2-sim/src/wiring/path/act_change.rs:33 load_act; crates/d2-server/src/adapters/session.rs:262 load_act (builds d2_proto LoadAct)	crates/d2-proto/src/generated.rs:3509 LoadAct (fields f2,f6,f8)	crates/d2-server/src/adapters/session.rs:262 (proto encode); act change via Pending::send	crates/d2-client/src/bridge/msg/session.rs:50 load_act (parse)	u16@6 = town level on all sides (client stores town_level)	added: load_act_0x03_one_layout
0x04	S2C	LoadComplete	client/model.md §7 r5, sim/tick.md §6 r6	1	crates/d2-sim/src/units/messages.rs:17 LOAD_COMPLETE; crates/d2-sim/src/wiring/path/act_change.rs:28 const + :149 send	crates/d2-proto/src/generated.rs:3552 LoadComplete	via Pending::send -> crates/d2-server/src/buffers.rs:109 Inbox::push	crates/d2-client/src/bridge/msg/session.rs:88 load_complete	-	added: session_bytes_0x00_0x02_0x04_0x05_0x06_one_layout
0x05	S2C	UnloadComplete	client/model.md §7 r6	1	crates/d2-sim/src/wiring/path/act_change.rs:26 const + :93 send	crates/d2-proto/src/generated.rs:3577 UnloadComplete	crates/d2-server/src/adapters/session_flow.rs:392 out.queue([0x05])	crates/d2-client/src/bridge/msg/session.rs:100 unload_complete	inline [0x05] literals (no shared const)	added: session_bytes_0x00_0x02_0x04_0x05_0x06_one_layout
0x06	S2C	GameExit	client/model.md §7 r7	1	-	crates/d2-proto/src/generated.rs:3602 GameExit	crates/d2-server/src/adapters/session_flow.rs:393 out.queue([0x06])	crates/d2-client/src/bridge/msg/session.rs:109 game_exit	-	added: session_bytes_0x00_0x02_0x04_0x05_0x06_one_layout
0x07	S2C	MapReveal	sim/intents-events.md §7.8, client/model.md §9 r1 r4	6 x:u16@1 y:u16@3 level:u8@5	crates/d2-sim/src/wiring/path/place.rs:152 map_reveal (callers place.rs:201, action/switch.rs:137, action/objects.rs:1017)	crates/d2-proto/src/generated.rs:3627 MapReveal	via Pending::send	crates/d2-client/src/bridge/msg/session.rs:206 map_reveal -> room_sight	-	added: map_reveal_hide_0x07_0x08_one_layout
0x08	S2C	MapHide	sim/intents-events.md §7.8 r3.3, client/model.md §9 r2 r4	6 x:u16@1 y:u16@3 level:u8@5	crates/d2-sim/src/units/messages.rs:115 map_hide (caller action/switch.rs:163)	crates/d2-proto/src/generated.rs:3666 MapHide	via Pending::send	crates/d2-client/src/bridge/msg/session.rs:212 map_hide	-	added: map_reveal_hide_0x07_0x08_one_layout
0x09	S2C	AssignLevelWarp	sim/intents-events.md §7.2 part A, client/msg-units.md §7 r1	11 type:u8@1 guid:u32@2 class:u8@6 x:u16@7 y:u16@9	crates/d2-sim/src/units/messages.rs:140 assign_warp (caller action/switch.rs:222)	crates/d2-proto/src/generated.rs:3705 AssignLevelWarp	via Pending::send	crates/d2-client/src/bridge/msg/units.rs:464 assign_level_warp	client refuses type > 5	added: assign_level_warp_0x09_one_layout
0x0A	S2C	RemoveUnit	sim/intents-events.md §7.8 r3.1, client/msg-units.md §2	6 type:u8@1 guid:u32@2	crates/d2-sim/src/units/messages.rs:109 remove_unit (callers action/switch.rs:159, action/dispatch.rs:266, action/town_portal.rs:208, inventory/pending.rs:257, economy/quest_items.rs:754, economy/quest_host.rs:665)	crates/d2-proto/src/generated.rs:3752 RemoveUnit	via Pending::send	crates/d2-client/src/bridge/msg/units.rs:482 remove_unit	-	added: remove_unit_0x0a_one_layout
0x0B	S2C	GameHandshake	sim/intents-events.md §8.2 r3.2, client/model.md §3 r1	6 type:u8@1 guid:u32@2	crates/d2-sim/src/units/messages.rs:39 unit_ref(0x0B); crates/d2-sim/src/wiring/path/act_change.rs:135 inline	crates/d2-proto/src/generated.rs:3787 GameHandshake + crates/d2-proto/src/s2c/messages.rs:22 GameHandshake (hand-written, used by parse)	crates/d2-server/src/adapters/session.rs:402 unit_ref	crates/d2-client/src/bridge/msg/session.rs:221 game_handshake	two d2_proto types for one id (same bytes)	added: game_handshake_0x0b_one_layout
0x0C	S2C	MonsterHit	sim/intents-events.md §7.3 r2 step 7, client/msg-units.md §4 r1	9 u8@1 u32@2 u8@6 u8@7 u8@8	crates/d2-sim/src/wiring/action/unit_update/skill_message.rs:64 monster_hit (callers :169, action/reaction.rs:68)	crates/d2-proto/src/generated.rs:3822 MonsterHit (f1,f2,f6,f7,f8)	via Pending::send	crates/d2-client/src/bridge/msg/units.rs:664 queued (row :589)	sim fixes type 1 and code 0x13@6	added: monster_hit_0x0c_one_layout
0x0D	S2C	PlayerStop	sim/pathing.md §10, world/waypoints.md §7 r7, client/msg-units.md §4 r1 r2	13 type:u8@1 guid:u32@2 a:u8@6 x:u16@7 y:u16@9 b:u8@11 life_pct:u8@12	crates/d2-sim/src/path/walk/messages.rs:11 player_stop (callers wiring/path/place.rs:215, action/dying.rs:177/205/233, world/objects/misc.rs:361); world/waypoints.rs arrival_message	crates/d2-proto/src/generated.rs:3869 PlayerStop + crates/d2-proto/src/s2c/messages.rs:36 PlayerStop (hand-written)	via Pending::send	crates/d2-client/src/bridge/msg/units.rs:664 queued (row :590; roster life u8@12 :672)	two d2_proto types (same bytes)	crates/conformance/tests/s2c_builders.rs::player_stop_0x0d_one_maker, ::waypoint_arrival_0x0d_one_maker; added: player_stop_0x0d_one_layout
0x0E	S2C	ObjectState	world/objects.md §14 r1, client/msg-units.md §4 r1	12 type:u8@1 guid:u32@2 kind:u8@6 selectable:u8@7 mode:u32@8	crates/d2-sim/src/world/objects.rs:1237 state_message (caller :1291)	crates/d2-proto/src/generated.rs:3924 ObjectState	via Pending::send	crates/d2-client/src/bridge/msg/units.rs:664 queued (row :591)	sim fixes type 2, kind 3	added: object_state_0x0e_one_layout
0x0F	S2C	PlayerMove	sim/pathing.md §10 r2, client/msg-units.md §4 r1	16 type:u8@1 guid:u32@2 code:u8@6 target_x:u16@7 target_y:u16@9 zero:u8@11 x:u16@12 y:u16@14	crates/d2-sim/src/path/walk/messages.rs:25 player_move (caller :149)	crates/d2-proto/src/generated.rs:3971 PlayerMove	via Pending::send	crates/d2-client/src/bridge/msg/units.rs:664 queued (row :592, check x@12 y@14)	-	added: player_move_to_target_0x0f_0x10_one_layout
0x10	S2C	PlayerToTarget	sim/pathing.md §10 r2, client/msg-units.md §4 r1	16 type:u8@1 guid:u32@2 code:u8@6 target_type:u8@7 target_guid:u32@8 x:u16@12 y:u16@14	crates/d2-sim/src/path/walk/messages.rs:49 player_to_target (caller :140)	crates/d2-proto/src/generated.rs:4030 PlayerToTarget	via Pending::send	crates/d2-client/src/bridge/msg/units.rs:664 queued (row :597)	-	added: player_move_to_target_0x0f_0x10_one_layout
0x11	S2C	ReportKill	sim/intents-events.md §7.9 r9 (line 897), client/msg-units.md §6	8 type:u8@1 guid:u32@2 overlay:u16@6	crates/d2-sim/src/units/messages.rs report_kill (caller crates/d2-sim/src/wiring/action/unit_update.rs monster_update step 9; REC-410)	crates/d2-proto/src/generated.rs:4085 ReportKill	-	crates/d2-client/src/bridge/msg/unit_misc.rs:27 unit_overlay	overlay count = ActionTables.overlay_count (overlay.bin records); stat 178 of the overlay list read as base (PROVISIONAL REC-410)	added: report_kill_0x11_one_layout (sim == proto == client); wiring::action::tests::sound::monster_update_sends_the_overlay_0x11
0x12	S2C	Unknown12	-	26 (no layout)	-	size rule only (audit Unspecified)	-	crates/d2-client/src/bridge/msg/mod.rs:98 no_op	produced_by none	none
0x13	S2C	Unknown13	-	14 (no layout)	-	size rule only	-	crates/d2-client/src/bridge/msg/mod.rs:98 no_op	produced_by none (d2-server npc_approach.rs:45 vec![0x13,..] is a C->S replay)	none
0x14	S2C	Unknown14	-	18 (no layout)	-	size rule only	-	crates/d2-client/src/bridge/msg/mod.rs:98 no_op	produced_by none	none
0x15	S2C	ReassignPlayer	sim/pathing.md §10, client/msg-units.md §3	11 type:u8@1 guid:u32@2 x:u16@6 y:u16@8 flag:u8@10	crates/d2-sim/src/path/walk/messages.rs:71 reassign_player (callers wiring/path/walk.rs:326, wiring/path/place.rs:204, action/unit_update.rs:117)	crates/d2-proto/src/generated.rs:4124 ReassignPlayer	crates/d2-server/src/seams.rs:178 (queues via sim)	crates/d2-client/src/bridge/msg/units.rs:496 reassign_player	flag u8@10 not read by client	added: reassign_player_0x15_one_layout
0x16	S2C	UnitPositions	-	u16@1;min=13 size:u16@1 count:u8@3 entries@4	-	size rule only	-	crates/d2-client/src/bridge/msg/mod.rs:98 no_op	produced_by none (item_approach.rs:65 vec![0x16,..] is a C->S replay)	none
0x17	S2C	-	client/bridge.md §6 r6	0	-	size 0 (Never)	-	crates/d2-client/src/bridge/msg/mod.rs no_op_unit	size 0: never receivable	none
0x18	S2C	LifeManaUpdate	combat/vitals.md §5.3 r3.1 §5.4, client/msg-units.md §5 r1-r3, client/model.md §10	15 bits: id:8 life:15 mana:15 stamina:15 life_pred:7 mana_pred:7 x:16 y:16 dx:8 dy:8	crates/d2-sim/src/combat/vitals/sync.rs:154 life_mana_update (caller sync.rs:261 via wiring/action/vitals_sync.rs:143)	crates/d2-proto/src/generated.rs:4171 LifeManaUpdate (packed_put/packed_get, LSB-first, crates/d2-proto/src/schema.rs:204)	via Pending::send	crates/d2-client/src/bridge/msg/units.rs:869 vitals (BitReader LSB-first, crates/d2-client/src/bridge/bits.rs:31)	bit order and widths agree (8,15,15,15,7,7,16,16,8,8 LSB-first; 115 bits). sim: dx=(X-target)&0xFF (vitals_sync.rs:66); client: target=X+sdx (units.rs:923) -> sign disagreement. client stores lp->stat 74, mp->stat 26	added: life_mana_update_0x18_one_layout; added (ignored): life_mana_update_0x18_dx_is_the_path_target_offset
0x19	S2C	SmallGoldPickup	items/inventory-moves.md §10.3, client/msg-stats-items.md §1 r2	2 delta:u8@1	crates/d2-sim/src/items/moves/layouts.rs:86 gold (caller combat/vitals/sync.rs:339)	crates/d2-proto/src/generated.rs:4234 SmallGoldPickup	via Pending::send	crates/d2-client/src/bridge/msg/stats_items.rs:23 local_stat (parse)	-	added: gold_0x19_0x1d_0x1e_0x1f_one_layout
0x1A	S2C	AddExpByte	combat/vitals.md §5.3 r5, client/msg-stats-items.md §1 r2	2 value:u8@1	crates/d2-sim/src/combat/vitals/sync.rs:213 exp_message (caller :345)	crates/d2-proto/src/generated.rs:4265 AddExpByte	via Pending::send	crates/d2-client/src/bridge/msg/stats_items.rs:23 local_stat	-	added: experience_0x1a_0x1b_0x1c_one_layout
0x1B	S2C	AddExpWord	combat/vitals.md §5.3 r5, client/msg-stats-items.md §1 r2	3 value:u16@1	crates/d2-sim/src/combat/vitals/sync.rs:213 exp_message	crates/d2-proto/src/generated.rs:4296 AddExpWord	via Pending::send	crates/d2-client/src/bridge/msg/stats_items.rs:23 local_stat	-	added: experience_0x1a_0x1b_0x1c_one_layout
0x1C	S2C	AddExpDword	combat/vitals.md §5.3 r5, client/msg-stats-items.md §1 r2	5 value:u32@1	crates/d2-sim/src/combat/vitals/sync.rs:213 exp_message	crates/d2-proto/src/generated.rs:4327 AddExpDword	via Pending::send	crates/d2-client/src/bridge/msg/stats_items.rs:23 local_stat (absolute)	-	added: experience_0x1a_0x1b_0x1c_one_layout
0x1D	S2C	SetStatByte	sim/intents-events.md §3.5 r7 §8.2 r3.4, items/inventory-moves.md §10.3, client/msg-stats-items.md §1 r2	3 stat:u8@1 value:u8@2	crates/d2-sim/src/items/moves/layouts.rs:86 gold; crates/d2-sim/src/wiring/action/vitals_sync.rs:204 stat_message (private); crates/d2-server/src/adapters/session.rs:279 stat_message	crates/d2-proto/src/generated.rs:4358 SetStatByte	crates/d2-server/src/adapters/session.rs:409-414 x.send	crates/d2-client/src/bridge/msg/stats_items.rs:23 local_stat	two identical copies of 0x0053BE40 (sim vitals_sync.rs:204, server session.rs:279)	added: set_stat_0x1d_0x1e_0x1f_one_layout, gold_0x19_0x1d_0x1e_0x1f_one_layout
0x1E	S2C	SetStatWord	as 0x1D	4 stat:u8@1 value:u16@2	as 0x1D	crates/d2-proto/src/generated.rs:4393 SetStatWord	as 0x1D	crates/d2-client/src/bridge/msg/stats_items.rs:23 local_stat (u16 unsigned)	-	added: set_stat_0x1d_0x1e_0x1f_one_layout, gold_0x19_0x1d_0x1e_0x1f_one_layout
0x1F	S2C	SetStatDword	as 0x1D	6 stat:u8@1 value:u32@2	as 0x1D	crates/d2-proto/src/generated.rs:4428 SetStatDword	as 0x1D	crates/d2-client/src/bridge/msg/stats_items.rs:23 local_stat (u32 as i32)	-	added: set_stat_0x1d_0x1e_0x1f_one_layout, gold_0x19_0x1d_0x1e_0x1f_one_layout
0x20	S2C	StatUpdate	client/msg-stats-items.md §1 r4	10 guid:u32@1 stat:u8@5 value:u32@6	crates/d2-sim/src/units/messages.rs stat_update (no caller: PROVISIONAL REC-415)	crates/d2-proto/src/generated.rs:4463 StatUpdate	-	crates/d2-client/src/bridge/msg/stats_items.rs:48 stat_update	builder only: no spec names a caller of 0x0053C1D0 (PC 1 list, pc1-data.md Step 4)	added: stat_update_0x20_one_layout (sim == proto == client)
0x21	S2C	UpdateItemOSkill	client/msg-skills.md §4, skills/levels.md §6.4	12 type:u8@1 remove:u8@2 guid:u32@3 skill:u16@7 level:u8@9 bonus:u8@10	crates/d2-sim/src/units/messages.rs:88 update_oskill (caller wiring/action/monster_add.rs:216); crates/d2-server/src/adapters/handlers/skills/world.rs:506 inline; crates/d2-server/src/adapters/handlers/items/moves/preview_skills.rs:178 update_oskill	crates/d2-proto/src/generated.rs:4502 UpdateItemOSkill	crates/d2-server/src/adapters/handlers/skills/world.rs:506 (inline builder, bonus always 0)	crates/d2-client/src/bridge/msg/skills.rs:81 update_item_oskill	client does not read @10/@11	added: update_item_oskill_0x21_one_layout
0x22	S2C	UpdateItemSkill	client/msg-skills.md §5, items/inventory-moves.md §11	12 type:u8@1 unit:u32@3 skill:u16@7 quantity:u8@9 body_state:u8@11	crates/d2-sim/src/units/messages.rs update_item_skill; sent by wiring/inventory/equip_rules.rs send_skill_quantity (the tome / scroll quantity of items/inventory/bookkeeping.rs)	crates/d2-proto/src/generated.rs:4553 UpdateItemSkill	-	crates/d2-client/src/bridge/msg/skills.rs:108 update_item_skill	bytes 2,10 unwritten by 1.14d	update_item_skill_0x22_one_layout (sim == proto == client); wiring::inventory::tests::host::skill_quantity_sends_0x22
0x23	S2C	SetSkill	sim/intents-events.md §8.2 r3.1 r3.7, client/msg-skills.md §6 §2 r3	13 type:u8@1 guid:u32@2 hand:u8@6 skill:u16@7 item:u32@9	crates/d2-sim/src/units/messages.rs:169 set_skill	crates/d2-proto/src/generated.rs:4600 SetSkill	crates/d2-server/src/adapters/session.rs:399 (load skill), :430 (hand 1 then 0); crates/d2-server/src/adapters/handlers/items/moves/preview_skills.rs:98	crates/d2-client/src/bridge/msg/skills.rs:131 set_skill -> crates/d2-client/src/bridge/skills.rs:221 select	layout agrees on all sides; fatal 0x668 = skill >= client skills rows (rows not bound)	added: set_skill_0x23_one_layout, set_skill_0x23_fatal_0x668_is_the_missing_skill_rows
0x24	S2C	Unknown24	-	90 (no layout)	-	size rule only	-	crates/d2-client/src/bridge/msg/mod.rs:98 no_op	produced_by none	none
0x25	S2C	Unknown25	-	90 (no layout)	-	size rule only	-	crates/d2-client/src/bridge/msg/mod.rs:98 no_op	produced_by none	none
0x26	S2C	Chat	sim/intents-events.md §3 0x26 row (line 517) §7.9 r3, client/msg-ui.md §4 r1	chat26 type:u8@1 u8@2 unit_type:u8@3 guid:u32@4 u8@8 u8@9 name:cstr@10 text:cstr	crates/d2-sim/src/units/messages.rs:48 overhead_chat (caller wiring/action/switch.rs:282)	no typed builder (crates/d2-proto/src/s2c/audit.rs:80 'size rule only'); size rule crates/d2-proto/src/schema.rs:128 Chat26	via Pending::send	crates/d2-client/src/bridge/msg/ui_text.rs:40 chat	client names u8@2 'lang', sim 'byte8' (overhead record +8)	added: chat_0x26_one_layout
0x27	S2C	NpcInfo	client/msg-ui.md §5 r1, world/npc.md §2 step 5, world/hirelings.md §13 r6, world/quests-act2-2.md §5.4	40 type:u8@1 guid:u32@2 count:u8@6 kind0:u8@8 str0:u16@10 ... kind7:u8@36 str7:u16@38	crates/d2-sim/src/world/npc.rs:674 inline + encode_text_list (crates/d2-client/src/app/npc_seams.rs:138); crates/d2-sim/src/world/hirelings/level.rs:47 speech_message; crates/d2-sim/src/world/quests/helpers.rs:428 msg_scroll_text	crates/d2-proto/src/generated.rs:4647 NpcInfo	via Pending::send	crates/d2-client/src/bridge/msg/ui_text.rs:61 npc_text; crates/d2-client/src/ui/msg_ui.rs:84 NpcTextList::from_record	encode_text_list caps at 7 entries, TSV/spec allow 8	added: npc_info_0x27_one_layout
0x28	S2C	QuestInfo	world/quests.md §1.5, client/msg-ui.md §16	103 type:u8@1 guid:u32@2 u8@6 flags:bytes96@7	crates/d2-sim/src/world/quests.rs:2118 send_player_flags (inline)	crates/d2-proto/src/generated.rs:4750 QuestInfo (f6 field) + crates/d2-proto/src/s2c/messages.rs:60 QuestInfo (byte 6 const 0, used by parse)	via QuestWorld::send	crates/d2-client/src/bridge/msg/ui_npc.rs:28 quest_info	client sends u8@6 back as C->S 0x30 R; server always writes 0	added: quest_info_0x28_one_layout
0x29	S2C	GameQuestInfo	world/quests.md §1.5, client/msg-ui.md §12	97 record:bytes96@1	crates/d2-sim/src/world/quests.rs:1555 send_game_flags (inline)	crates/d2-proto/src/generated.rs:4804 GameQuestInfo + crates/d2-proto/src/s2c/messages.rs:75 GameQuestInfo	via QuestWorld::send	crates/d2-client/src/bridge/msg/ui_quest.rs:21 game_quest_flags	-	added: game_quest_info_0x29_one_layout
0x2A	S2C	NpcTransaction	world/npc.md §9, client/msg-ui.md §18	15 kind:u8@1 code:u8@2 guid:u32@7 gold:u32@11	crates/d2-sim/src/world/npc.rs:550 transaction	crates/d2-proto/src/generated.rs:4843 NpcTransaction + crates/d2-proto/src/s2c/messages.rs:86 NpcTransaction (unwritten 3-6)	via Pending::send	crates/d2-client/src/bridge/msg/ui_npc.rs:192 npc_transaction (raw bytes to output)	bytes 3-6 unwritten in 1.14d	crates/conformance/tests/s2c_builders.rs::npc_transaction_0x2a_one_maker; added: npc_transaction_0x2a_one_layout
0x2B	S2C	-	client/bridge.md §6 r6	0	-	size 0 (Never)	-	crates/d2-client/src/bridge/msg/mod.rs:98 no_op	size 0: never receivable	none
0x2C	S2C	PlaySound	audio/triggers.md §2 r4, sim/intents-events.md §14 r2	8 type:u8@1 guid:u32@2 event:u16@6	crates/d2-sim/src/units/sound.rs:77 play_sound_message (via sound_message :89; callers action/dispatch.rs:401, action/unit_update.rs:137, action/objects.rs:868)	crates/d2-proto/src/generated.rs:4886 PlaySound	crates/d2-server/src/adapters/handlers/items/moves.rs:414 sound_message	crates/d2-client/src/bridge/msg/sound.rs:15 play_sound	-	added: play_sound_0x2c_one_layout
0x2D	S2C	-	specs/sim/intents-events.md §3.1 r3	size 0	-	crates/d2-proto/src/s2c/audit.rs Never (no type)	-	crates/d2-client/src/bridge/msg/mod.rs none(0x2D) no_op	never receivable (split gives 0)	added: crates/d2-client/src/bridge/msg/tests_proto_b.rs::size0_ids_0x2d_0x66_one_layout
0x2E	S2C	-	specs/sim/intents-events.md §3.1 r3	size 0	-	crates/d2-proto/src/s2c/audit.rs Never (no type)	-	crates/d2-client/src/bridge/msg/mod.rs none(0x2E) no_op	never receivable (split gives 0)	added: crates/d2-client/src/bridge/msg/tests_proto_b.rs::size0_ids_0x2d_0x66_one_layout
0x2F	S2C	-	specs/sim/intents-events.md §3.1 r3	size 0	-	crates/d2-proto/src/s2c/audit.rs Never (no type)	-	crates/d2-client/src/bridge/msg/mod.rs none(0x2F) no_op	never receivable (split gives 0)	added: crates/d2-client/src/bridge/msg/tests_proto_b.rs::size0_ids_0x2d_0x66_one_layout
0x30	S2C	-	specs/sim/intents-events.md §3.1 r3	size 0	-	crates/d2-proto/src/s2c/audit.rs Never (no type)	-	crates/d2-client/src/bridge/msg/mod.rs none(0x30) no_op	never receivable (split gives 0)	added: crates/d2-client/src/bridge/msg/tests_proto_b.rs::size0_ids_0x2d_0x66_one_layout
0x31	S2C	-	specs/sim/intents-events.md §3.1 r3	size 0	-	crates/d2-proto/src/s2c/audit.rs Never (no type)	-	crates/d2-client/src/bridge/msg/mod.rs none(0x31) no_op	never receivable (split gives 0)	added: crates/d2-client/src/bridge/msg/tests_proto_b.rs::size0_ids_0x2d_0x66_one_layout
0x32	S2C	-	specs/sim/intents-events.md §3.1 r3	size 0	-	crates/d2-proto/src/s2c/audit.rs Never (no type)	-	crates/d2-client/src/bridge/msg/mod.rs none(0x32) no_op	never receivable (split gives 0)	added: crates/d2-client/src/bridge/msg/tests_proto_b.rs::size0_ids_0x2d_0x66_one_layout
0x33	S2C	-	specs/sim/intents-events.md §3.1 r3	size 0	-	crates/d2-proto/src/s2c/audit.rs Never (no type)	-	crates/d2-client/src/bridge/msg/mod.rs none(0x33) no_op	never receivable (split gives 0)	added: crates/d2-client/src/bridge/msg/tests_proto_b.rs::size0_ids_0x2d_0x66_one_layout
0x34	S2C	-	specs/sim/intents-events.md §3.1 r3	size 0	-	crates/d2-proto/src/s2c/audit.rs Never (no type)	-	crates/d2-client/src/bridge/msg/mod.rs none(0x34) no_op	never receivable (split gives 0)	added: crates/d2-client/src/bridge/msg/tests_proto_b.rs::size0_ids_0x2d_0x66_one_layout
0x35	S2C	-	specs/sim/intents-events.md §3.1 r3	size 0	-	crates/d2-proto/src/s2c/audit.rs Never (no type)	-	crates/d2-client/src/bridge/msg/mod.rs none(0x35) no_op	never receivable (split gives 0)	added: crates/d2-client/src/bridge/msg/tests_proto_b.rs::size0_ids_0x2d_0x66_one_layout
0x36	S2C	-	specs/sim/intents-events.md §3.1 r3	size 0	-	crates/d2-proto/src/s2c/audit.rs Never (no type)	-	crates/d2-client/src/bridge/msg/mod.rs none(0x36) no_op	never receivable (split gives 0)	added: crates/d2-client/src/bridge/msg/tests_proto_b.rs::size0_ids_0x2d_0x66_one_layout
0x37	S2C	-	specs/sim/intents-events.md §3.1 r3	size 0	-	crates/d2-proto/src/s2c/audit.rs Never (no type)	-	crates/d2-client/src/bridge/msg/mod.rs none(0x37) no_op	never receivable (split gives 0)	added: crates/d2-client/src/bridge/msg/tests_proto_b.rs::size0_ids_0x2d_0x66_one_layout
0x38	S2C	-	specs/sim/intents-events.md §3.1 r3	size 0	-	crates/d2-proto/src/s2c/audit.rs Never (no type)	-	crates/d2-client/src/bridge/msg/mod.rs none(0x38) no_op	never receivable (split gives 0)	added: crates/d2-client/src/bridge/msg/tests_proto_b.rs::size0_ids_0x2d_0x66_one_layout
0x39	S2C	-	specs/sim/intents-events.md §3.1 r3	size 0	-	crates/d2-proto/src/s2c/audit.rs Never (no type)	-	crates/d2-client/src/bridge/msg/mod.rs none(0x39) no_op	never receivable (split gives 0)	added: crates/d2-client/src/bridge/msg/tests_proto_b.rs::size0_ids_0x2d_0x66_one_layout
0x3A	S2C	-	specs/sim/intents-events.md §3.1 r3	size 0	-	crates/d2-proto/src/s2c/audit.rs Never (no type)	-	crates/d2-client/src/bridge/msg/mod.rs none(0x3A) no_op	never receivable (split gives 0)	added: crates/d2-client/src/bridge/msg/tests_proto_b.rs::size0_ids_0x2d_0x66_one_layout
0x3B	S2C	-	specs/sim/intents-events.md §3.1 r3	size 0	-	crates/d2-proto/src/s2c/audit.rs Never (no type)	-	crates/d2-client/src/bridge/msg/mod.rs none(0x3B) no_op	never receivable (split gives 0)	added: crates/d2-client/src/bridge/msg/tests_proto_b.rs::size0_ids_0x2d_0x66_one_layout
0x3C	S2C	-	specs/sim/intents-events.md §3.1 r3	size 0	-	crates/d2-proto/src/s2c/audit.rs Never (no type)	-	crates/d2-client/src/bridge/msg/mod.rs none(0x3C) no_op	never receivable (split gives 0)	added: crates/d2-client/src/bridge/msg/tests_proto_b.rs::size0_ids_0x2d_0x66_one_layout
0x3D	S2C	-	specs/sim/intents-events.md §3.1 r3	size 0	-	crates/d2-proto/src/s2c/audit.rs Never (no type)	-	crates/d2-client/src/bridge/msg/mod.rs none(0x3D) no_op	never receivable (split gives 0)	added: crates/d2-client/src/bridge/msg/tests_proto_b.rs::size0_ids_0x2d_0x66_one_layout
0x3E	S2C	UpdateItemStats	specs/client/msg-stats-items.md §5 r1, specs/sim/intents-events.md §3.1 r1, specs/skills/bodies.md §202, specs/world/vendors.md §459	u8@1;min=2 | size:u8@1 stream@2	crates/d2-sim/src/units/messages.rs update_item_stat (PROVISIONAL widths, REC-400); callers: wiring/inventory/pending.rs send_item_stat (moves), wiring/interaction/vendor_world.rs send_item_stat (vendors), wiring/interaction/skill_use.rs send_item_stat (skill bodies)	crates/d2-proto/src/generated.rs:3289 ServerMessage (size only; no encode/decode, parse → Unbuilt)	-	crates/d2-client/src/bridge/msg/items.rs:60 update_item_stats (mod.rs:180)	client: guid 8/16/32 by 1-2 width bits, set 1, stat 9, value 8/16/32, param 8/16 (spec §5 r1); server: narrowest width per field, set 1, layer-0 base value, param 0 (§5 r1.3 PROVISIONAL, REC-400)	update_item_stats_0x3e_one_layout (client vs spec layout); update_item_stats_0x3e_sim_builder_to_client (sim bytes == spec packing == client read)
0x3F	S2C	UseStackableItem	specs/items/inventory-moves.md §11, specs/client/msg-stats-items.md §3 r2	8: code:u8@1 item:u32@2 arg:u16@6	crates/d2-sim/src/items/moves/layouts.rs:78 use_stackable	crates/d2-proto/src/generated.rs:4925 UseStackableItem enc/dec	sim send hooks -> crates/d2-server/src/buffers.rs:109 Inbox::push / :123 deliver (generic, size by TSV rule)	crates/d2-client/src/bridge/msg/stats_items.rs:372 use_stackable_item (via s2c::parse)	all agree	crates/d2-sim/src/items/moves/tests/tsv.rs::layouts_match_server_tsv; added: crates/d2-client/src/bridge/msg/tests_proto_b.rs::use_stackable_item_0x3f_one_layout
0x40	S2C	ItemFlags	specs/client/msg-stats-items.md §5 r2	13: guid:u32@1 mask:u32@5 value:u32@9	- (0x0053D270 not built)	crates/d2-proto/src/generated.rs:4964 ItemFlags enc/dec	-	crates/d2-client/src/bridge/msg/items.rs:103 item_flags	client only; no producer	added: crates/d2-client/src/bridge/msg/tests_proto_b.rs::item_flags_0x40_one_layout
0x41	S2C	-	specs/sim/intents-events.md §3.1 r3	size 0	-	crates/d2-proto/src/s2c/audit.rs Never (no type)	-	crates/d2-client/src/bridge/msg/mod.rs none(0x41) no_op	never receivable (split gives 0)	added: crates/d2-client/src/bridge/msg/tests_proto_b.rs::size0_ids_0x2d_0x66_one_layout
0x42	S2C	ClearCursor	specs/items/inventory-moves.md §11, specs/client/msg-stats-items.md §3 r1	6: type:u8@1 unit:u32@2	crates/d2-sim/src/items/moves/layouts.rs:71 clear_cursor	crates/d2-proto/src/generated.rs:5003 ClearCursor enc/dec	sim send hooks -> crates/d2-server/src/buffers.rs:109 Inbox::push / :123 deliver (generic, size by TSV rule)	crates/d2-client/src/bridge/msg/stats_items.rs:353 clear_cursor (via s2c::parse)	all agree	crates/d2-sim/src/items/moves/tests/tsv.rs::layouts_match_server_tsv; added: crates/d2-client/src/bridge/msg/tests_proto_b.rs::clear_cursor_0x42_one_layout
0x43	S2C	-	specs/sim/intents-events.md §3.1 r3	size 0	-	crates/d2-proto/src/s2c/audit.rs Never (no type)	-	crates/d2-client/src/bridge/msg/mod.rs none(0x43) no_op	never receivable (split gives 0)	added: crates/d2-client/src/bridge/msg/tests_proto_b.rs::size0_ids_0x2d_0x66_one_layout
0x44	S2C	-	specs/sim/intents-events.md §3.1 r3	size 0	-	crates/d2-proto/src/s2c/audit.rs Never (no type)	-	crates/d2-client/src/bridge/msg/mod.rs none(0x44) no_op	never receivable (split gives 0)	added: crates/d2-client/src/bridge/msg/tests_proto_b.rs::size0_ids_0x2d_0x66_one_layout
0x45	S2C	Unknown45	specs/sim/server-messages.tsv:71	13 (no layout)	-	unspecified (no type)	-	crates/d2-client/src/bridge/msg/mod.rs:187 none(0x45)	produced_by none	none
0x46	S2C	-	specs/sim/intents-events.md §3.1 r3	size 0	-	crates/d2-proto/src/s2c/audit.rs Never (no type)	-	crates/d2-client/src/bridge/msg/mod.rs none(0x46) no_op	never receivable (split gives 0)	added: crates/d2-client/src/bridge/msg/tests_proto_b.rs::size0_ids_0x2d_0x66_one_layout
0x47	S2C	Relator1	specs/items/inventory-moves.md §11, specs/client/msg-stats-items.md §3 r3	11: type:u8@1 u8@2 unit:u32@3	crates/d2-sim/src/items/moves/layouts.rs:61 relator1	crates/d2-proto/src/generated.rs:5038 Relator1 enc/dec	sim send hooks -> crates/d2-server/src/buffers.rs:109 Inbox::push / :123 deliver (generic, size by TSV rule)	crates/d2-client/src/bridge/msg/stats_items.rs:405 relator (parse only, no model field)	bytes 7-10 zero, unnamed in TSV	crates/d2-sim/src/items/moves/tests/tsv.rs::layouts_match_server_tsv; added: crates/d2-client/src/bridge/msg/tests_proto_b.rs::relators_0x47_0x48_one_layout
0x48	S2C	Relator2	specs/items/inventory-moves.md §11, specs/client/msg-stats-items.md §3 r3	11: type:u8@1 arg:u8@2 unit:u32@3	crates/d2-sim/src/items/moves/layouts.rs:66 relator2	crates/d2-proto/src/generated.rs:5077 Relator2 enc/dec	sim send hooks -> crates/d2-server/src/buffers.rs:109 Inbox::push / :123 deliver (generic, size by TSV rule)	crates/d2-client/src/bridge/msg/stats_items.rs:405 relator	bytes 7-10 zero	crates/d2-sim/src/items/moves/tests/tsv.rs::layouts_match_server_tsv; added: crates/d2-client/src/bridge/msg/tests_proto_b.rs::relators_0x47_0x48_one_layout
0x49	S2C	-	specs/sim/intents-events.md §3.1 r3	size 0	-	crates/d2-proto/src/s2c/audit.rs Never (no type)	-	crates/d2-client/src/bridge/msg/mod.rs none(0x49) no_op	never receivable (split gives 0)	added: crates/d2-client/src/bridge/msg/tests_proto_b.rs::size0_ids_0x2d_0x66_one_layout
0x4A	S2C	-	specs/sim/intents-events.md §3.1 r3	size 0	-	crates/d2-proto/src/s2c/audit.rs Never (no type)	-	crates/d2-client/src/bridge/msg/mod.rs none(0x4A) no_op	never receivable (split gives 0)	added: crates/d2-client/src/bridge/msg/tests_proto_b.rs::size0_ids_0x2d_0x66_one_layout
0x4B	S2C	-	specs/sim/intents-events.md §3.1 r3	size 0	-	crates/d2-proto/src/s2c/audit.rs Never (no type)	-	crates/d2-client/src/bridge/msg/mod.rs none(0x4B) no_op	never receivable (split gives 0)	added: crates/d2-client/src/bridge/msg/tests_proto_b.rs::size0_ids_0x2d_0x66_one_layout
0x4C	S2C	UnitSkillOnUnit	specs/sim/intents-events.md §3.5 r5, §7.4 r3; specs/client/msg-units.md §4 r1	16: type:u8@1 guid:u32@2 skill:u16@6 u8@8 target_type:u8@9 target:u32@10 u16@14	crates/d2-sim/src/wiring/action/unit_update/skill_message.rs:24 skill_on_unit (called :152)	crates/d2-proto/src/generated.rs:5116 UnitSkillOnUnit enc/dec (f8=b level, f14=w)	sim send hooks -> crates/d2-server/src/buffers.rs:109 Inbox::push / :123 deliver (generic, size by TSV rule)	crates/d2-client/src/bridge/msg/units.rs:664 queued (row :598: skill U16@6, U8@9, U32@0xA, U8@8)	all agree; client ignores w@14	crates/d2-sim/src/wiring/action/unit_update/tests.rs::skill_message_builders_write_the_tsv_offsets; added: crates/d2-client/src/bridge/msg/tests_proto_b.rs::unit_skill_on_unit_0x4c_one_layout
0x4D	S2C	UnitSkillOnPoint	specs/sim/intents-events.md §3.5 r5; specs/world/objects.md §14 r1; specs/client/msg-units.md §4 r1	17: type:u8@1 guid:u32@2 skill:u32@6 u8@10 x:u16@11 y:u16@13 u16@15	crates/d2-sim/src/wiring/action/unit_update/skill_message.rs:47 skill_on_point (:110 u32 skill, :149 u16 zero-extended); crates/d2-sim/src/world/objects.rs:1249 shrine_message (operator GUID in u32@6)	crates/d2-proto/src/generated.rs:5171 UnitSkillOnPoint enc/dec	sim send hooks -> crates/d2-server/src/buffers.rs:109 Inbox::push / :123 deliver (generic, size by TSV rule)	crates/d2-client/src/bridge/msg/units.rs:664 queued (row :603: U32@6, U16@0xB, U16@0xD, U8@0xA)	shrine form puts operator GUID in TSV 'skill'	crates/d2-sim/src/wiring/action/unit_update/tests.rs::skill_message_builders_write_the_tsv_offsets; added: crates/d2-client/src/bridge/msg/tests_proto_b.rs::unit_skill_on_point_0x4d_one_layout
0x4E	S2C	MercForHire	specs/world/npc.md §7.2; specs/client/msg-ui.md §6 r1	7: name:u16@1 seed:u32@3	crates/d2-sim/src/world/npc/hire.rs:248 send_hire_list (inline)	crates/d2-proto/src/generated.rs:5226 MercForHire + crates/d2-proto/src/s2c/messages.rs:103 MercForHire (two types)	sim send hooks -> crates/d2-server/src/buffers.rs:109 Inbox::push / :123 deliver (generic, size by TSV rule)	crates/d2-client/src/bridge/msg/ui_npc.rs:202 hire_offer	all agree	added: crates/d2-client/src/bridge/msg/tests_proto_b.rs::merc_for_hire_0x4e_one_layout
0x4F	S2C	StartMercList	specs/world/npc.md §7.2; specs/client/msg-ui.md §6 r2	1	crates/d2-sim/src/world/npc/hire.rs:239 send_hire_list (inline [0x4F])	crates/d2-proto/src/generated.rs:5261 StartMercList	sim send hooks -> crates/d2-server/src/buffers.rs:109 Inbox::push / :123 deliver (generic, size by TSV rule)	crates/d2-client/src/bridge/msg/ui_npc.rs:213 hire_list_reset	all agree	added: crates/d2-client/src/bridge/msg/tests_proto_b.rs::merc_for_hire_0x4e_one_layout
0x50	S2C	QuestSpecial	specs/world/quests.md §6.2 s3, §9.4; specs/world/npc.md §7.5; specs/world/quests-act1-rest.md §7; specs/client/msg-ui.md §7	15: code:u16@1 v0:u16@3 v1:u16@5 v2:u16@7 v3:u16@9 v4:u16@11	crates/d2-sim/src/world/quests.rs:1859 request_quest_data (code 1); :2308 true_tomb_clue (13); crates/d2-sim/src/world/quests/act1/q4.rs:818 send_stone_order (4); crates/d2-sim/src/world/quests/act4/q2.rs:757 end_warp (23); crates/d2-sim/src/world/npc/hire.rs:473 quest_mercenary (2)	crates/d2-proto/src/s2c/parse.rs: code 1 (bytes 9–14 zero) → s2c::QuestSpecial, every other form → Message::QuestSpecialForm(gen::QuestSpecial)	sim send hooks -> crates/d2-server/src/buffers.rs:109 Inbox::push / :123 deliver (generic, size by TSV rule)	crates/d2-client/src/bridge/msg/ui_quest.rs:50 quest_special (reads 6 words @3..@13)	client reads word6 @13 (bytes 13-14 never written; TSV names 5 words); parse() Unbuilt for codes 2/4/13/23	quest_special_0x50_parse_every_quest_form (un-ignored)
0x51	S2C	AssignObject	specs/sim/intents-events.md §7.2; specs/client/msg-units.md §1.3	14: type:u8@1 guid:u32@2 class:u16@6 x:u16@8 y:u16@10 mode:u8@12 interact:u8@13	crates/d2-sim/src/units/messages.rs:125 assign_object (type 2)	crates/d2-proto/src/generated.rs:5337 AssignObject enc/dec	sim send hooks -> crates/d2-server/src/buffers.rs:109 Inbox::push / :123 deliver (generic, size by TSV rule)	crates/d2-client/src/bridge/msg/units.rs:386 assign_object	all agree	crates/d2-sim/src/units/messages.rs tests (bytes); added: crates/d2-client/src/bridge/msg/tests_proto_b.rs::assign_object_0x51_one_layout
0x52	S2C	QuestLogInfo	specs/world/quests.md §6.2 s4; specs/client/msg-ui.md §13	42: status:bytes41@1	crates/d2-sim/src/world/quests.rs:1875 request_quest_data (inline)	crates/d2-proto/src/generated.rs:5392 QuestLogInfo + crates/d2-proto/src/s2c/messages.rs:132 QuestLogInfo	sim send hooks -> crates/d2-server/src/buffers.rs:109 Inbox::push / :123 deliver (generic, size by TSV rule)	crates/d2-client/src/bridge/msg/ui_quest.rs:30 quest_log	all agree	added: crates/d2-client/src/bridge/msg/tests_proto_b.rs::quest_log_info_0x52_one_layout
0x53	S2C	Darkness	specs/render/lighting.md §9.2 r2, r4; specs/world/quests-act2.md (q3)	10: period:u32@1 ticks:u32@5 eclipse:u8@9	crates/d2-sim/src/world/environment.rs:90 Environment::message; crates/d2-sim/src/world/quests/act2/q3.rs:48 MSG_DARK/MSG_LIGHT consts	crates/d2-proto/src/generated.rs:5431 Darkness enc/dec	sim send hooks -> crates/d2-server/src/buffers.rs:109 Inbox::push / :123 deliver (generic, size by TSV rule)	crates/d2-client/src/bridge/msg/lighting.rs:240 darkness (reads u32 as i32)	all agree	crates/d2-client/src/bridge/msg/tests_outputs.rs::darkness_b228_b146616; added: crates/d2-client/src/bridge/msg/tests_proto_b.rs::darkness_0x53_one_layout
0x54	S2C	Unknown54	specs/sim/server-messages.tsv:86	3 (no layout)	-	unspecified (no type)	-	crates/d2-client/src/bridge/msg/mod.rs:202 none(0x54)	produced_by none	none
0x55	S2C	-	specs/sim/intents-events.md §3.1 r3	size 0	-	crates/d2-proto/src/s2c/audit.rs Never (no type)	-	crates/d2-client/src/bridge/msg/mod.rs none(0x55) no_op	never receivable (split gives 0)	added: crates/d2-client/src/bridge/msg/tests_proto_b.rs::size0_ids_0x2d_0x66_one_layout
0x56	S2C	-	specs/sim/intents-events.md §3.1 r3	size 0	-	crates/d2-proto/src/s2c/audit.rs Never (no type)	-	crates/d2-client/src/bridge/msg/mod.rs none(0x56) no_op	never receivable (split gives 0)	added: crates/d2-client/src/bridge/msg/tests_proto_b.rs::size0_ids_0x2d_0x66_one_layout
0x57	S2C	NpcEnchants	specs/client/msg-units.md §7 r3; specs/sim/intents-events.md (0x0053D880 rule); specs/monsters/umod-callbacks.md §28.4	14: guid:u32@1 type:u8@5 name:u16@6 umod0:u8@8 umod1:u8@9 umod2:u16@10 flag:u16@12	crates/d2-sim/src/units/messages.rs npc_enchants; sent by wiring/action/unit_update.rs monster_update step 10 (unit flag 0x800, monster data +0x5C bit 1)	crates/d2-proto/src/generated.rs:5470 NpcEnchants enc/dec	-	crates/d2-client/src/bridge/msg/unit_misc.rs:51 npc_enchants	client reads umod2 as u8@0xA (low byte of the TSV u16@10, as spec'd)	npc_enchants_0x57_one_layout (sim == proto == client); d2-sim wiring::action::tests::sound::monster_update_sends_npc_enchants
0x58	S2C	OpenUi	specs/world/npc.md §8.1; specs/world/quests-act2-2.md §3.3; specs/client/msg-ui.md §8	7: guid:u32@1 code:u8@5 effect:u8@6	crates/d2-sim/src/world/npc.rs:564 service_result; crates/d2-sim/src/world/objects/mech.rs:297,372,378 (literals); crates/d2-sim/src/world/quests/act2/q6.rs:396 send_insert	crates/d2-proto/src/generated.rs:5525 OpenUi + crates/d2-proto/src/s2c/messages.rs:146 OpenUi	sim send hooks -> crates/d2-server/src/buffers.rs:109 Inbox::push / :123 deliver (generic, size by TSV rule)	crates/d2-client/src/bridge/msg/ui_quest.rs:82 open_ui	all agree	crates/conformance/tests/s2c_builders.rs::service_result_0x58_one_maker; added: crates/d2-client/src/bridge/msg/tests_proto_b.rs::open_ui_0x58_one_layout
0x59	S2C	AssignPlayer	specs/sim/intents-events.md §7.2; specs/client/msg-units.md §1.1	26: guid:u32@1 class:u8@5 name:cstr16@6 x:u16@22 y:u16@24	crates/d2-sim/src/wiring/action/switch.rs:60 assign_player	crates/d2-proto/src/generated.rs:5564 AssignPlayer + crates/d2-proto/src/s2c/messages.rs:163 AssignPlayer	sim send hooks -> crates/d2-server/src/buffers.rs:109 Inbox::push / :123 deliver (generic, size by TSV rule)	crates/d2-client/src/bridge/msg/units.rs:85 assign_player	all agree	added: crates/d2-client/src/bridge/msg/tests_proto_b.rs::assign_player_0x59_one_layout
0x5A	S2C	EventMessage	specs/sim/intents-events.md §2.5 r2, §3.5 table (0x0053C850), §8.3; specs/client/msg-ui.md §19	40: code:u8@1 u8@2 u32@3 name:cstr16@8	items/moves/layouts.rs cant_do_that; crates/d2-sim/src/units/messages.rs player_event (join code 2: wiring/action/dispatch.rs join_sequence; leave code 3: d2-server session_flow.rs leave)	crates/d2-proto/src/generated.rs:5611 EventMessage enc/dec (no field for @0x18..0x27)	crates/d2-server/src/adapters/session_flow.rs:408 leave	crates/d2-client/src/bridge/msg/ui_text.rs:100 event_text (all 40 bytes)	TSV/gen lack the account name @0x18 (cstr16@24) the spec names; join 0x5A (code 2) not sent by d2rs	added: crates/d2-client/src/bridge/msg/tests_proto_b.rs::event_message_0x5a_one_layout
0x5B	S2C	PlayerJoined	specs/sim/intents-events.md §8.3 (0x0052C410 join seq); specs/client/msg-units.md §8 r3	u16@1;min=34: size:u16@1 guid:u32@3 class:u8@7 name:cstr16@8 level:u16@24 party:u16@26 u16@28 u16@30 u16@32 str1:cstr@34 str2:cstr	crates/d2-sim/src/units/messages.rs player_joined; sent by wiring/action/dispatch.rs join_sequence (§8.3; PROVISIONAL multi-client REC-401)	no type (variable; transport size rule only)	-	crates/d2-client/src/bridge/msg/roster.rs:47 player_joined	client: u16@0x1C not stored; else agrees	roster_0x5b_0x5c_0x65_one_layout; roster_join_and_leave_sim_builders_to_client; test-fixtures synthetic_game join_and_leave_send_the_roster_messages
0x5C	S2C	PlayerLeft	specs/client/msg-units.md §8 r4	5: guid:u32@1	crates/d2-sim/src/units/messages.rs player_left; sent by d2-server adapters/session_flow.rs leave (§2.5 r2, to the remaining clients in state 4)	crates/d2-proto/src/generated.rs:5654 PlayerLeft enc/dec	-	crates/d2-client/src/bridge/msg/roster.rs:97 player_left	client only	roster_join_and_leave_sim_builders_to_client; test-fixtures synthetic_game join_and_leave_send_the_roster_messages
0x5D	S2C	QuestItemState	specs/world/quests.md §6.3; specs/client/msg-ui.md §1	6: chain:u8@1 flags:u8@2 status:u8@3 extra:u16@4	crates/d2-sim/src/world/quests.rs:1905 send_status; literals quests.rs:2080, act1/q4.rs:511,687, act1.rs:261, act2/q1.rs:362, act2/q3.rs:126,306, act2/q6.rs:851, act3.rs:301,307	crates/d2-proto/src/generated.rs:5685 QuestItemState + crates/d2-proto/src/s2c/messages.rs:182 QuestItemState	sim send hooks -> crates/d2-server/src/buffers.rs:109 Inbox::push / :123 deliver (generic, size by TSV rule)	crates/d2-client/src/bridge/msg/ui.rs:109 quest_status (extra as i16)	client reads extra as i16 (spec'd: msg-ui.md §1 r1); TSV/proto u16	added: crates/d2-client/src/bridge/msg/tests_proto_b.rs::quest_item_state_0x5d_one_layout
0x5E	S2C	GameQuestAvailability	specs/world/quests.md (player enters steps 5-8); specs/client/msg-ui.md §14	38: available:bytes37@1	crates/d2-sim/src/world/quests.rs:1538 player_enters (inline, TABLE_ROWS=37)	crates/d2-proto/src/generated.rs:5728 GameQuestAvailability	sim send hooks -> crates/d2-server/src/buffers.rs:109 Inbox::push / :123 deliver (generic, size by TSV rule)	crates/d2-client/src/bridge/msg/ui_quest.rs:39 quest_availability	all agree	added: crates/d2-client/src/bridge/msg/tests_proto_b.rs::game_quest_availability_0x5e_one_layout
0x5F	S2C	PortalFlags	specs/sim/intents-events.md §8.2 r3.3; specs/client/msg-units.md §7 r4	5: u32@1	crates/d2-sim/src/units/messages.rs:152 portal_flags	crates/d2-proto/src/generated.rs:5767 PortalFlags (f1)	sim send hooks -> crates/d2-server/src/buffers.rs:109 Inbox::push / :123 deliver (generic, size by TSV rule)	crates/d2-client/src/bridge/msg/unit_misc.rs:79 portal_flags	all agree	added: crates/d2-client/src/bridge/msg/tests_proto_b.rs::portal_flags_0x5f_one_layout
0x60	S2C	TownPortalState	specs/world/objects.md §14; specs/client/msg-units.md §7 r5	7: flags:u8@1 level:u8@2 guid:u32@3	crates/d2-sim/src/world/objects.rs:1261 portal_message (sent crates/d2-sim/src/wiring/action/switch.rs:373)	crates/d2-proto/src/generated.rs:5798 TownPortalState	sim send hooks -> crates/d2-server/src/buffers.rs:109 Inbox::push / :123 deliver (generic, size by TSV rule)	crates/d2-client/src/bridge/msg/unit_misc.rs:97 town_portal_state	all agree	added: crates/d2-client/src/bridge/msg/tests_proto_b.rs::town_portal_state_0x60_one_layout
0x61	S2C	CanGoToAct	specs/world/quests.md; specs/client/msg-ui.md §20	2: video:u8@1	crates/d2-sim/src/world/quests.rs:2162 can_go_to_act; act4/q2.rs:821; act5/q6.rs:522 (literals)	crates/d2-proto/src/generated.rs:5837 CanGoToAct	sim send hooks -> crates/d2-server/src/buffers.rs:109 Inbox::push / :123 deliver (generic, size by TSV rule)	crates/d2-client/src/bridge/msg/ui_text.rs:116 act_video	all agree	added: crates/d2-client/src/bridge/msg/tests_proto_b.rs::can_go_to_act_0x61_one_layout
0x62	S2C	MakeUnitTargetable	specs/world/quests-helpers.md; specs/client/msg-ui.md §17	7: type:u8@1 guid:u32@2	crates/d2-sim/src/world/quests/helpers.rs:320 msg_end_interaction	crates/d2-proto/src/generated.rs:5868 MakeUnitTargetable	sim send hooks -> crates/d2-server/src/buffers.rs:109 Inbox::push / :123 deliver (generic, size by TSV rule)	crates/d2-client/src/bridge/msg/ui_npc.rs:172 dialog_end	byte 6 unwritten (stack in 1.14d, 0 here)	added: crates/d2-client/src/bridge/msg/tests_proto_b.rs::make_unit_targetable_0x62_one_layout
0x63	S2C	WaypointMenu	specs/world/waypoints.md §5.3; specs/client/msg-ui.md §2 r1	21: guid:u32@1 magic:u16@5 bits0:u32@7 bits1:u32@11 bits2:u32@15 bits3:u16@19	crates/d2-sim/src/world/waypoints.rs:624 menu_message	crates/d2-proto/src/generated.rs:5903 WaypointMenu (split) + crates/d2-proto/src/s2c/messages.rs:199 WaypointMenu (record[16]); parse uses built	sim send hooks -> crates/d2-server/src/buffers.rs:109 Inbox::push / :123 deliver (generic, size by TSV rule)	crates/d2-client/src/bridge/msg/ui.rs:143 waypoint_menu (record @5)	two proto field splits, same bytes	crates/conformance/tests/s2c_builders.rs::waypoint_menu_0x63_one_maker; added: crates/d2-client/src/bridge/msg/tests_proto_b.rs::waypoint_menu_0x63_one_layout
0x64	S2C	-	specs/sim/intents-events.md §3.1 r3	size 0	-	crates/d2-proto/src/s2c/audit.rs Never (no type)	-	crates/d2-client/src/bridge/msg/mod.rs none(0x64) no_op	never receivable (split gives 0)	added: crates/d2-client/src/bridge/msg/tests_proto_b.rs::size0_ids_0x2d_0x66_one_layout
0x65	S2C	PlayerKillCount	specs/client/msg-units.md §8 r5	7: guid:u32@1 count:u16@5	crates/d2-sim/src/units/messages.rs player_kill_count; sent by wiring/action/dispatch.rs join_sequence (count 0)	crates/d2-proto/src/generated.rs:5954 PlayerKillCount	-	crates/d2-client/src/bridge/msg/roster.rs:114 player_kill_count (count as i16)	client sign-extends (spec'd)	roster_join_and_leave_sim_builders_to_client
0x66	S2C	Unknown66	specs/sim/server-messages.tsv:104	7 (no layout)	-	unspecified (no type)	-	crates/d2-client/src/bridge/msg/mod.rs:220 none(0x66)	produced_by none	none
0x67	S2C	MonsterMove	specs/sim/intents-events.md §7.7 r5, specs/client/msg-units.md §4 r1	16 guid:u32@1 code:u8@5 x:u16@6 y:u16@8 arg:u8@10 arg2:u8@11 path:u8@12 velocity:u16@13 arg3:u8@15	crates/d2-sim/src/monsters/mode_message.rs:300 monster_move; crates/d2-sim/src/monsters/mode_message.rs:332 knockback; caller crates/d2-sim/src/wiring/action/unit_update.rs:157 mode_message	crates/d2-proto/src/generated.rs:5989 MonsterMove encode/decode	d2-server forwards sim bytes unchanged (Pending::send -> take_sent, crates/d2-server/src/adapters/handlers/world/action.rs:296)	crates/d2-client/src/bridge/msg/units.rs:664 queued (row table :580)	all sides agree; sim leaves arg2@11 0 for monster_move (knockback writes f@11); client record[4]=i16@0xD (velocity sign-extended), sim velocity = clamp(i32) as i16 as u16	crates/d2-client/src/bridge/msg/tests_proto_c.rs::monster_move_0x67_one_layout, monster_knockback_0x67_one_layout; existing crates/d2-server/tests/sim_builders_layouts.rs::monster_builders_follow_the_layouts
0x68	S2C	MonsterMoveToTarget	specs/sim/intents-events.md §7.7 r5, specs/client/msg-units.md §4 r1	21 guid:u32@1 code:u8@5 x:u16@6 y:u16@8 target_type:u8@10 target:u32@11 arg:u8@15 arg2:u8@16 path:u8@17 velocity:u16@18 arg3:u8@20	crates/d2-sim/src/monsters/mode_message.rs:365 move_to_unit; crates/d2-sim/src/monsters/mode_message.rs:401 knockback_to_unit	crates/d2-proto/src/generated.rs:6052 MonsterMoveToTarget	d2-server forwards sim bytes unchanged (Pending::send -> take_sent, crates/d2-server/src/adapters/handlers/world/action.rs:296)	crates/d2-client/src/bridge/msg/units.rs:664 queued (row table :580); check (u16@6,u16@8)	agree; move_to_unit leaves arg2@16 0	crates/d2-client/src/bridge/msg/tests_proto_c.rs::monster_move_to_unit_0x68_one_layout, monster_knockback_to_unit_0x68_one_layout; existing sim_builders_layouts.rs::monster_builders_follow_the_layouts
0x69	S2C	MonsterState	specs/sim/intents-events.md §7.7 r5, specs/client/msg-units.md §4 r1	12 guid:u32@1 code:u8@5 a:u16@6 b:u16@8 d:u8@10 e:u8@11	crates/d2-sim/src/monsters/mode_message.rs:421 monster_state	crates/d2-proto/src/generated.rs:6123 MonsterState	d2-server forwards sim bytes unchanged (Pending::send -> take_sent, crates/d2-server/src/adapters/handlers/world/action.rs:296)	crates/d2-client/src/bridge/msg/units.rs:664 queued (row table :580)	agree	crates/d2-client/src/bridge/msg/tests_proto_c.rs::monster_state_0x69_one_layout
0x6A	S2C	Unknown6A	specs/sim/intents-events.md §7.7 r5, specs/client/msg-units.md §4 r1	12 guid:u32@1 code:u8@5 target_type:u8@6 target:u32@7 d:u8@11	crates/d2-sim/src/monsters/mode_message.rs:433 state_to_unit	crates/d2-proto/src/generated.rs:6174 Unknown6A	d2-server forwards sim bytes unchanged (Pending::send -> take_sent, crates/d2-server/src/adapters/handlers/world/action.rs:296)	crates/d2-client/src/bridge/msg/units.rs:664 queued (row table :580)	agree	crates/d2-client/src/bridge/msg/tests_proto_c.rs::monster_state_to_unit_0x6a_one_layout
0x6B	S2C	MonsterAction	specs/sim/intents-events.md §7.7 r5, specs/client/msg-units.md §4 r1	16 guid:u32@1 code:u8@5 a:u16@6 b:u16@8 d:u8@10 e:u8@11 x:u16@12 y:u16@14	crates/d2-sim/src/monsters/mode_message.rs:445 monster_action	crates/d2-proto/src/generated.rs:6221 MonsterAction	d2-server forwards sim bytes unchanged (Pending::send -> take_sent, crates/d2-server/src/adapters/handlers/world/action.rs:296)	crates/d2-client/src/bridge/msg/units.rs:664 queued (row table :580); check (u16@0xC,u16@0xE)	agree	crates/d2-client/src/bridge/msg/tests_proto_c.rs::monster_action_0x6b_one_layout
0x6C	S2C	MonsterAttack	specs/sim/intents-events.md §7.7 r5, specs/client/msg-units.md §4 r1	16 guid:u32@1 code:u8@5 target_type:u8@6 target:u32@7 d:u8@11 x:u16@12 y:u16@14	crates/d2-sim/src/monsters/mode_message.rs:468 monster_attack	crates/d2-proto/src/generated.rs:6280 MonsterAttack	d2-server forwards sim bytes unchanged (Pending::send -> take_sent, crates/d2-server/src/adapters/handlers/world/action.rs:296)	crates/d2-client/src/bridge/msg/units.rs:664 queued (row table :580); check (u16@0xC,u16@0xE)	agree	crates/d2-client/src/bridge/msg/tests_proto_c.rs::monster_attack_0x6c_one_layout
0x6D	S2C	MonsterStop	specs/sim/intents-events.md §7.7 r5, specs/client/msg-units.md §4 r1	10 guid:u32@1 x:u16@5 y:u16@7 life:u8@9	crates/d2-sim/src/monsters/mode_message.rs:481 monster_stop	crates/d2-proto/src/generated.rs:6335 MonsterStop	d2-server forwards sim bytes unchanged (Pending::send -> take_sent, crates/d2-server/src/adapters/handlers/world/action.rs:296)	crates/d2-client/src/bridge/msg/units.rs:664 queued (row table :580); check (u16@5,u16@7), code 7, stat 328 +1	agree	crates/d2-client/src/bridge/msg/tests_proto_c.rs::monster_stop_0x6d_one_layout
0x6E	S2C	Unknown6E	specs/client/msg-units.md §4 r4	1	-	crates/d2-proto/src/generated.rs Unknown6E (id only)	-	crates/d2-client/src/bridge/msg/units.rs:843 no_effect	size 1, never produced	none
0x6F	S2C	Unknown6F	specs/client/msg-units.md §4 r4	1	-	crates/d2-proto/src/generated.rs Unknown6F (id only)	-	crates/d2-client/src/bridge/msg/units.rs:843 no_effect	size 1, never produced	none
0x70	S2C	Unknown70	specs/client/msg-units.md §4 r4	1	-	crates/d2-proto/src/generated.rs Unknown70 (id only)	-	crates/d2-client/src/bridge/msg/units.rs:843 no_effect	size 1, never produced	none
0x71	S2C	Unknown71	specs/client/msg-units.md §4 r4	1	-	crates/d2-proto/src/generated.rs Unknown71 (id only)	-	crates/d2-client/src/bridge/msg/units.rs:843 no_effect	size 1, never produced	none
0x72	S2C	Unknown72	specs/client/msg-units.md §4 r4	1	-	crates/d2-proto/src/generated.rs Unknown72 (id only)	-	crates/d2-client/src/bridge/msg/units.rs:843 no_effect	size 1, never produced	none
0x73	S2C	Unknown73	specs/client/msg-units.md §7 r6	32 class:u16@5 u32@7 u32@11 u32@15 u32@19 u16@23 source_type:u8@25 source:u32@26 u8@30 u8@31	crates/d2-sim/src/units/messages.rs client_missile (caller crates/d2-sim/src/wiring/action/switch.rs missile_add; REC-414)	crates/d2-proto/src/generated.rs:6503 Unknown73	-	crates/d2-client/src/bridge/msg/unit_misc.rs:120 client_missile	field sources PROVISIONAL REC-414 (16.16 position, points[0], current frame, level, stat 328)	added: client_missile_0x73_one_layout (sim == proto == client)
0x74	S2C	PlayerCorpseAssign	specs/client/msg-units.md §7 r7, specs/sim/intents-events.md §7.2	10 flag:u8@1 player:u32@2 corpse:u32@6	crates/d2-sim/src/wiring/action/switch.rs:81 corpse_assign (PROVISIONAL REC-279: flag 1, corpse GUID in both fields); sent at switch.rs:241	crates/d2-proto/src/generated.rs:6570 PlayerCorpseAssign	d2-server forwards sim bytes unchanged (Pending::send -> take_sent, crates/d2-server/src/adapters/handlers/world/action.rs:296)	crates/d2-client/src/bridge/msg/unit_misc.rs:140 player_corpse_assign	layout agrees; field meaning (player@2 = corpse GUID) is d2rs-own	crates/d2-client/src/bridge/msg/tests_proto_c.rs::player_corpse_assign_0x74_one_layout
0x75	S2C	PlayerPartyInfo	specs/client/msg-units.md §8 r10	13 guid:u32@1 party:u16@5 level:u16@7 u16@9 u16@11	- (out: party)	crates/d2-proto/src/generated.rs:6609 PlayerPartyInfo	-	crates/d2-client/src/bridge/msg/roster.rs:195 player_party_info	client reads u16@5,@7,@11 (u16@9 not stored)	none
0x76	S2C	PlayerInProximity	specs/client/msg-ui.md §21, specs/sim/intents-events.md §7.9 r3	6 type:u8@1 guid:u32@2	crates/d2-sim/src/units/messages.rs:39 unit_ref(0x76,..) at crates/d2-sim/src/wiring/action/switch.rs:269	crates/d2-proto/src/generated.rs:6656 PlayerInProximity	d2-server forwards sim bytes unchanged (Pending::send -> take_sent, crates/d2-server/src/adapters/handlers/world/action.rs:296)	crates/d2-client/src/bridge/msg/ui_text.rs:125 overhead_clear	agree (TSV name PlayerInProximity vs spec 'overhead clear')	crates/d2-client/src/bridge/msg/tests_proto_c.rs::player_in_proximity_0x76_one_layout
0x77	S2C	TradeAction	specs/world/cube.md §1, specs/client/msg-ui.md §3	2 code:u8@1	crates/d2-sim/src/world/cube.rs:717 trade_action; crates/d2-sim/src/world/stash.rs:116,132; crates/d2-sim/src/world/objects/mech.rs:470	crates/d2-proto/src/generated.rs:6691 TradeAction{code}; crates/d2-proto/src/s2c/messages.rs:211 TradeAction{action} (duplicate type)	d2-server forwards sim bytes unchanged (Pending::send -> take_sent, crates/d2-server/src/adapters/handlers/world/action.rs:296)	crates/d2-client/src/bridge/msg/ui.rs:160 trade_action	agree	crates/d2-client/src/bridge/msg/tests_proto_c.rs::trade_action_0x77_one_layout; existing crates/conformance/tests/s2c_builders.rs::cube_trade_action_0x77_one_maker
0x78	S2C	TradeAccepted	specs/client/msg-ui.md §11	21 name:cstr16@1 guid:u32@17	- (out: trade)	crates/d2-proto/src/generated.rs:6722 TradeAccepted	-	crates/d2-client/src/bridge/msg/ui_text.rs:84 trade_partner	client reads name 16@1, guid u32@17 = TSV	none
0x79	S2C	GoldInTrade	specs/client/msg-ui.md §11 r3	6 u8@1 u32@2	- (out)	crates/d2-proto/src/generated.rs:6757 GoldInTrade	-	crates/d2-client/src/bridge/msg/mod.rs:239 no_op	-	none
0x7A	S2C	PetAction	specs/client/model.md §14 r2, specs/world/hirelings.md §13 r2, specs/sim/pets.md §8	13 action:u8@1 pet_type:u8@2 class:u16@3 owner:u32@5 pet:u32@9	crates/d2-sim/src/world/hirelings/pets.rs:46 pet_action(action,pet_type,class,pet,owner); crates/d2-sim/src/player/pets.rs:149 PetMsg::bytes	crates/d2-proto/src/generated.rs:6792 PetAction	d2-server forwards sim bytes unchanged (Pending::send -> take_sent, crates/d2-server/src/adapters/handlers/world/action.rs:296)	crates/d2-client/src/bridge/msg/pets.rs:59 pet_action	fn args are (pet, owner) but wire is owner@5 pet@9; every caller passes them in the fn's order (pets.rs:80, :104; player/pets.rs:157) -> wire matches TSV	crates/d2-client/src/bridge/msg/tests_proto_c.rs::pet_action_0x7a_one_layout; existing sim_builders_layouts.rs::pet_builders_follow_the_layouts
0x7B	S2C	AssignHotkey	specs/client/msg-ui.md §22, specs/sim/intents-events.md §8.2 r3.6	8 slot:u8@1 skill:u16@2 item:u32@4	crates/d2-sim/src/units/messages.rs:160 assign_hotkey; server call crates/d2-server/src/adapters/session.rs:423	crates/d2-proto/src/generated.rs:6839 AssignHotkey	d2-server forwards sim bytes unchanged (Pending::send -> take_sent, crates/d2-server/src/adapters/handlers/world/action.rs:296); session.rs:423 sends it directly	crates/d2-client/src/bridge/msg/ui_text.rs:136 hotkey	agree (skill&0xFFF | 0x8000 left)	crates/d2-client/src/bridge/msg/tests_proto_c.rs::assign_hotkey_0x7b_one_layout; existing sim_builders_layouts.rs::unit_builders_follow_the_layouts
0x7C	S2C	UseScroll	specs/client/msg-stats-items.md §5 r3, specs/items/inventory-moves.md §7.18	6 type:u8@1 guid:u32@2	crates/d2-sim/src/items/moves/layouts.rs:117 item_used (sent crates/d2-sim/src/items/moves/handlers.rs:864)	crates/d2-proto/src/generated.rs:6878 UseScroll	d2-server forwards sim bytes unchanged (Pending::send -> take_sent, crates/d2-server/src/adapters/handlers/world/action.rs:296)	crates/d2-client/src/bridge/msg/items.rs:128 use_scroll	agree	crates/d2-client/src/bridge/msg/tests_proto_c.rs::use_scroll_0x7c_one_layout
0x7D	S2C	SetItemState	specs/client/msg-stats-items.md §5 r4, specs/items/inventory-moves.md §11	18 type:u8@1 unit:u32@2 item:u32@6 flag:u32@10 state:u32@14	crates/d2-sim/src/items/moves/layouts.rs:44 item_state (sent crates/d2-sim/src/items/moves/deferred.rs:450)	crates/d2-proto/src/generated.rs:6913 SetItemState	d2-server forwards sim bytes unchanged (Pending::send -> take_sent, crates/d2-server/src/adapters/handlers/world/action.rs:296)	crates/d2-client/src/bridge/msg/items.rs:139 set_item_state	agree	crates/d2-client/src/bridge/msg/tests_proto_c.rs::set_item_state_0x7d_one_layout
0x7E	S2C	Unknown7E	specs/client/msg-units.md §7 r8, specs/sim/path-placement.md §11	5	crates/d2-sim/src/units/messages.rs:203 GAME_ENTRY_DONE (sent crates/d2-sim/src/wiring/path/place.rs:217)	- (no type: id only, crates/d2-proto/src/s2c/audit.rs:168 IdOnly)	d2-server forwards sim bytes unchanged (Pending::send -> take_sent, crates/d2-server/src/adapters/handlers/world/action.rs:296)	crates/d2-client/src/bridge/msg/unit_misc.rs:194 common_cof	5 bytes, bytes 1-4 zero (1.14d: uninitialised)	crates/d2-client/src/bridge/msg/tests_proto_c.rs::game_entry_done_0x7e_one_layout
0x7F	S2C	AllyPartyInfo	- (out: party)	10 is_player:u8@1 life_pct:u16@2 guid:u32@4 level:u16@8	- (out)	crates/d2-proto/src/generated.rs:6960 AllyPartyInfo	-	crates/d2-client/src/bridge/msg/mod.rs:245 no_op	TSV sender 0x0053CDF0 is also 0x90's sender (see findings)	none
0x80	S2C	-	specs/sim/intents-events.md §3.1	0	-	- (size 0)	-	crates/d2-client/src/bridge/msg/mod.rs:246 none	size 0: never receivable	none
0x81	S2C	AssignMerc	specs/client/model.md §14 r3, specs/world/hirelings.md §13 r1	20 pet_type:u8@1 class:u16@2 owner:u32@4 merc:u32@8 seed:u32@12 name:u32@16	crates/d2-sim/src/world/hirelings/pets.rs:30 assign_merc (callers pets.rs:88, :280, :303)	crates/d2-proto/src/generated.rs:7003 AssignMerc	d2-server forwards sim bytes unchanged (Pending::send -> take_sent, crates/d2-server/src/adapters/handlers/world/action.rs:296)	crates/d2-client/src/bridge/msg/pets.rs:74 assign_merc	agree	crates/d2-client/src/bridge/msg/tests_proto_c.rs::assign_merc_0x81_one_layout; existing sim_builders_layouts.rs::pet_builders_follow_the_layouts
0x82	S2C	PortalOwnership	specs/client/msg-units.md §8 r7, specs/sim/intents-events.md §6 r6	29 owner:u32@1 name:cstr16@5 portal:u32@21 portal2:u32@25	crates/d2-sim/src/units/messages.rs:62 portal_ownership (sent crates/d2-sim/src/wiring/action/switch.rs:391, PROVISIONAL portal@21 = this portal)	crates/d2-proto/src/generated.rs:7054 PortalOwnership	d2-server forwards sim bytes unchanged (Pending::send -> take_sent, crates/d2-server/src/adapters/handlers/world/action.rs:296)	crates/d2-client/src/bridge/msg/roster.rs:129 portal_ownership	agree	crates/d2-client/src/bridge/msg/tests_proto_c.rs::portal_ownership_0x82_one_layout
0x83	S2C	-	specs/sim/intents-events.md §3.1 r3	0	-	- (size 0)	-	crates/d2-client/src/bridge/msg/mod.rs none(0x83)	size 0: never receivable	none
0x84	S2C	-	specs/sim/intents-events.md §3.1 r3	0	-	- (size 0)	-	crates/d2-client/src/bridge/msg/mod.rs none(0x84)	size 0: never receivable	none
0x85	S2C	-	specs/sim/intents-events.md §3.1 r3	0	-	- (size 0)	-	crates/d2-client/src/bridge/msg/mod.rs none(0x85)	size 0: never receivable	none
0x86	S2C	-	specs/sim/intents-events.md §3.1 r3	0	-	- (size 0)	-	crates/d2-client/src/bridge/msg/mod.rs none(0x86)	size 0: never receivable	none
0x87	S2C	-	specs/sim/intents-events.md §3.1 r3	0	-	- (size 0)	-	crates/d2-client/src/bridge/msg/mod.rs none(0x87)	size 0: never receivable	none
0x88	S2C	-	specs/sim/intents-events.md §3.1 r3	0	-	- (size 0)	-	crates/d2-client/src/bridge/msg/mod.rs none(0x88)	size 0: never receivable	none
0x89	S2C	UniqueEvent	specs/world/quests.md §6.5, specs/render/lighting.md §10 r4	2 event:u8@1	crates/d2-sim/src/world/quests.rs:1967 unique_event (inline [0x89,b]); quests.rs:1549 [0x89,0]	crates/d2-proto/src/generated.rs:7097 UniqueEvent; crates/d2-proto/src/s2c/messages.rs:222 UniqueEvent (dup)	d2-server forwards sim bytes unchanged (Pending::send -> take_sent, crates/d2-server/src/adapters/handlers/world/action.rs:296)	crates/d2-client/src/bridge/msg/lighting.rs:67 unique_event	agree	none (inline builder; client side covered by tests_outputs)
0x8A	S2C	NpcWantsInteract	specs/world/quests.md §6.4, specs/client/msg-ui.md §9	6 type:u8@1 guid:u32@2	crates/d2-sim/src/world/quests.rs:1952 (inline 8A 01 guid)	crates/d2-proto/src/generated.rs:7128 NpcWantsInteract; crates/d2-proto/src/s2c/messages.rs:233 (const type 1)	d2-server forwards sim bytes unchanged (Pending::send -> take_sent, crates/d2-server/src/adapters/handlers/world/action.rs:296)	crates/d2-client/src/bridge/msg/ui_npc.rs:223 npc_interact	agree	crates/d2-client/src/bridge/msg/tests_proto_c.rs::npc_wants_interact_0x8a_one_layout
0x8B	S2C	PlayerRelationship	- (out)	6 guid:u32@1 u8@5	- (out)	crates/d2-proto/src/generated.rs:7163 PlayerRelationship	-	crates/d2-client/src/bridge/msg/mod.rs:257 no_op	-	none
0x8C	S2C	RelationshipUpdate	- (out)	11 u32@1 u32@5 u16@9	- (out)	crates/d2-proto/src/generated.rs:7198 RelationshipUpdate	-	crates/d2-client/src/bridge/msg/mod.rs:258 no_op	-	none
0x8D	S2C	AssignPlayerToParty	- (out)	7 guid:u32@1 party:u16@5	- (out)	crates/d2-proto/src/generated.rs:7237 AssignPlayerToParty	-	crates/d2-client/src/bridge/msg/mod.rs:259 no_op	-	none
0x8E	S2C	CorpseAssign	specs/client/msg-units.md §8 r8, specs/items/inventory-moves.md §12.1	10 flag:u8@1 player:u32@2 corpse:u32@6	crates/d2-sim/src/wiring/inventory/pending.rs:251 corpse_taken (inline 8E 00 player corpse)	crates/d2-proto/src/generated.rs:7272 CorpseAssign	d2-server forwards sim bytes unchanged (Pending::send -> take_sent, crates/d2-server/src/adapters/handlers/world/action.rs:296)	crates/d2-client/src/bridge/msg/roster.rs:159 corpse_assign	agree (flag 0 = remove)	crates/d2-client/src/bridge/msg/tests_proto_c.rs::corpse_assign_0x8e_one_layout
0x8F	S2C	Pong	specs/client/model.md §7 r11	33 u32@1 u32@5 u32@9 u32@13 u32@17 u32@21 u32@25 u32@29	- (transport; no d2-server producer found)	crates/d2-proto/src/generated.rs:7311 Pong	- (none: d2rs server never sends 0x8F)	crates/d2-client/src/bridge/msg/session.rs:250 pong	client reads 8 u32 @1+4i = TSV	crates/d2-client/src/bridge/msg/tests_proto_c.rs::pong_0x8f_one_layout
0x90	S2C	PartyAutomapInfo	- (out)	13 guid:u32@1 x:u32@5 y:u32@9	- (out)	crates/d2-proto/src/generated.rs:7370 PartyAutomapInfo	-	crates/d2-client/src/bridge/msg/mod.rs:262 no_op	TSV sender 0x0053CDF0 = 0x7F's	none
0x91	S2C	NpcGossipAct	specs/world/quests.md §6.7, specs/client/msg-ui.md §10	26 act:u8@1 npc0:u16@2 npc1:u16@4 npc2:u16@6 npc3:u16@8 npc4:u16@10 npc5:u16@12 npc6:u16@14 npc7:u16@16 npc8:u16@18 npc9:u16@20 npc10:u16@22 npc11:u16@24	crates/d2-sim/src/world/quests.rs:2200 npc_gossip (inline; slots 0xFFFF-filled)	crates/d2-proto/src/generated.rs:7409 NpcGossipAct; crates/d2-proto/src/s2c/messages.rs:245 (dup, slots array)	d2-server forwards sim bytes unchanged (Pending::send -> take_sent, crates/d2-server/src/adapters/handlers/world/action.rs:296)	crates/d2-client/src/bridge/msg/ui_npc.rs:250 npc_intro	agree	crates/d2-client/src/bridge/msg/tests_proto_c.rs::npc_gossip_act_0x91_one_layout
0x92	S2C	RemoveItemsDisplay	specs/client/msg-stats-items.md §5 r5	6 type:u8@1 guid:u32@2	- (TSV produced_by=sim, no builder)	crates/d2-proto/src/generated.rs:7488 RemoveItemsDisplay	-	crates/d2-client/src/bridge/msg/items.rs remove_items_display (ItemData.unlinked; REC-416)	no sender in d2rs (no spec names a call site of the sender 0x0053B3D0 for 0x92; PC 1 list); client effect on a derived inventory (PROVISIONAL REC-416)	added: remove_items_display_0x92_unlinks_the_owners_body_items
0x93	S2C	Unknown93	specs/client/msg-skills.md §9	8 guid:u32@1 bonus:u8@5 element:u8@6 page:u8@7	crates/d2-sim/src/units/messages.rs skill_bonus (no caller: PROVISIONAL REC-415)	crates/d2-proto/src/generated.rs:7523 Unknown93	-	crates/d2-client/src/bridge/msg/skills.rs:211 skill_bonus	builder only: no spec names a caller of 0x0053C6F0 (PC 1 list); bonus i8@5 with 0x80 -> +128 (spec §9 r1); TSV says u8	added: skill_bonus_0x93_one_layout (sim == proto == client)
0x94	S2C	BaseSkillLevels	specs/client/msg-skills.md §3, specs/sim/intents-events.md §3.1 r1, §4 0x94 row	u8@1*3+6;min=9 | count:u8@1 guid:u32@2 data@6	crates/d2-sim/src/units/messages.rs:186 base_skill_levels (called crates/d2-server/src/adapters/session.rs:389)	crates/d2-proto/src/generated.rs:3375 ServerMessage (size only; parse → Unbuilt)	crates/d2-server/src/adapters/session.rs:383 join skills section	crates/d2-client/src/bridge/msg/skills.rs:47 base_skill_levels	agree: entries skill u16 + level u8 from @6; sim refuses n=0 (TSV min 9) and n>255	added: base_skill_levels_0x94_one_layout
0x95	S2C	LifeManaUpdate2	specs/combat/vitals.md §5.3–§5.4, specs/client/msg-units.md §5	13 bits: id:8 life:15 mana:15 stamina:15 x:16 y:16 dx:8 dy:8	crates/d2-sim/src/combat/vitals/sync.rs:186 life_mana_update2 (sync :241, join :304); Current from crates/d2-sim/src/wiring/action/vitals_sync.rs:54 current	crates/d2-proto/src/generated.rs:7566 LifeManaUpdate2 (packed LSB-first, crates/d2-proto/src/schema.rs:204)	crates/d2-server/src/adapters/handlers/world/action.rs:285 vitals_sync; crates/d2-server/src/adapters/session.rs:438 join_run; enabled crates/d2-client/src/app/single_player.rs:2711	crates/d2-client/src/bridge/msg/units.rs:869 vitals (BitReader LSB-first crates/d2-client/src/bridge/bits.rs:32; sdelta :860)	bit order/widths agree on all sides (LSB first, id8 life15 mana15 stamina15 x16 y16 dx8 dy8); dx/dy unsigned on the wire, client signs them (d>0x80 -> d-0x100, 0x80=+128). Sign SEMANTICS disagree: sim dx = X - path target (vitals.md §5.2), client tx = x + dx (msg-units.md §5 r3) -> see findings F1. proto encode panics on values >15 bits where sim cuts	crates/d2-client/src/bridge/msg/tests_proto_c.rs::life_mana_update2_0x95_one_layout
0x96	S2C	WalkVerify	specs/combat/vitals.md §5.3–§5.4, specs/client/msg-units.md §5, specs/sim/pathing.md §10 r5	9 bits: id:8 stamina:15 x:16 y:16 dx:8 dy:8	crates/d2-sim/src/path/walk/messages.rs:96 walk_verify (called from crates/d2-sim/src/combat/vitals/sync.rs:241 sync)	crates/d2-proto/src/generated.rs:7621 WalkVerify	crates/d2-server/src/adapters/handlers/world/action.rs:285 vitals_sync (stale doc: crates/d2-server/src/adapters/handlers/walk.rs:23 says never sent)	crates/d2-client/src/bridge/msg/units.rs:869 vitals	bits agree: id 0-7, stamina 8-22, x 23-38, y 39-54, dx 55-62, dy 63-70, bit 71 0; sim i8 -> u8 cast; client sdelta reads 0x80 as +128 so a sim dx of -128 arrives as +128; sign semantics as 0x95 (F1)	crates/d2-client/src/bridge/msg/tests_proto_c.rs::walk_verify_0x96_one_layout; existing crates/d2-sim/src/path/walk/tests/messages.rs walk_verify vector
0x97	S2C	WeaponSwitch	specs/client/msg-stats-items.md §5 r6	1	crates/d2-sim/src/wiring/inventory/swap.rs:21 WEAPON_SWITCH ([0x97])	crates/d2-proto/src/generated.rs:7668 WeaponSwitch	d2-server forwards sim bytes unchanged (Pending::send -> take_sent, crates/d2-server/src/adapters/handlers/world/action.rs:296)	crates/d2-client/src/bridge/msg/items.rs:178 weapon_switch	agree	crates/d2-client/src/bridge/msg/tests_proto_c.rs::weapon_switch_0x97_one_layout
0x98	S2C	Unknown98	specs/client/msg-units.md §7 r9	7 guid:u32@1 u16@5	crates/d2-sim/src/units/messages.rs:78 unknown98 (sent crates/d2-sim/src/wiring/action/monster_add.rs:212)	crates/d2-proto/src/generated.rs:7693 Unknown98	d2-server forwards sim bytes unchanged (Pending::send -> take_sent, crates/d2-server/src/adapters/handlers/world/action.rs:296)	crates/d2-client/src/bridge/msg/unit_misc.rs:204 monster_f40	agree	crates/d2-client/src/bridge/msg/tests_proto_c.rs::unknown98_0x98_one_layout
0x99	S2C	SkillTriggered	specs/client/msg-skills.md §7 r1, specs/sim/intents-events.md §3.5 r5	16 type:u8@1 guid:u32@2 skill:u16@6 u8@8 target_type:u8@9 target:u32@10 u16@14	crates/d2-sim/src/wiring/action/event_records.rs skill_event_on_unit (record CastOnUnit written by crates/d2-sim/src/wiring/interaction/skill_use.rs queue_item_cast; REC-413)	crates/d2-proto/src/generated.rs:7728 SkillTriggered	-	crates/d2-client/src/bridge/msg/skills.rs:290 skill_event_unit	client = TSV	crates/d2-client/src/bridge/msg/tests_proto_c.rs::skill_events_0x99_0x9a_one_layout (sim == proto == client); wiring::action::tests::sound::pending_skill_event_records_0x99_0x9a_0xa5_0xab
0x9A	S2C	Unknown9A	specs/client/msg-skills.md §7 r2	17 type:u8@1 guid:u32@2 skill:u32@6 u8@10 x:u16@11 y:u16@13 u16@15	crates/d2-sim/src/wiring/action/event_records.rs skill_event_on_point (record CastOnPoint, also the 17-byte form of 0x99; REC-413)	crates/d2-proto/src/generated.rs:7783 Unknown9A	-	crates/d2-client/src/bridge/msg/skills.rs:313 skill_event_point	TSV skill:u32@6, client reads low u16 (spec §7 r2 says so)	crates/d2-client/src/bridge/msg/tests_proto_c.rs::skill_events_0x99_0x9a_one_layout (sim == proto == client); wiring::action::tests::sound::pending_skill_event_records_0x99_0x9a_0xa5_0xab
0x9B	S2C	Unknown9B	specs/client/msg-ui.md §15, specs/world/npc.md §7.3, specs/world/hirelings.md §13 r3	7 name:u16@1 cost:u32@3	crates/d2-sim/src/world/hirelings/pets.rs:59 merc_dead_message; crates/d2-sim/src/world/npc.rs:574 resurrect_message	crates/d2-proto/src/generated.rs:7838 Unknown9B{name,cost}; crates/d2-proto/src/s2c/messages.rs:258 Unknown9B{f1,f3} (dup)	d2-server forwards sim bytes unchanged (Pending::send -> take_sent, crates/d2-server/src/adapters/handlers/world/action.rs:296)	crates/d2-client/src/bridge/msg/ui_npc.rs:262 merc_revive	sim writes cost u32@3; client reads u16@3 (spec §15 r1 says so: cost > 0xFFFF truncated)	crates/d2-client/src/bridge/msg/tests_proto_c.rs::merc_dead_0x9b_one_layout; existing crates/conformance/tests/s2c_builders.rs::resurrect_0x9b_one_maker
0x9C	S2C	ItemActionWorld	specs/items/inventory-moves.md §11, specs/items/bitstream.md §1–§4, specs/client/msg-stats-items.md §2	u8@2;min=3 | action:u8@1 size:u8@2 category:u8@3 item:u32@4 data@8	crates/d2-sim/src/items/moves/layouts.rs:9 item_world (callers deferred.rs:377, :639, :656; stream crates/d2-sim/src/items/bitstream.rs:384 write)	crates/d2-proto/src/generated.rs:3383 ServerMessage (size only); crates/d2-proto/src/item_bits.rs:355 decode (stream)	crates/d2-server/src/adapters/handlers/world/wired.rs:385, :406 (store 0x0B / 0x0C via send_item_world)	crates/d2-client/src/bridge/msg/stats_items.rs:231 item_action; header stats_items.rs:86 ItemHeader::peek; view crates/d2-client/src/bridge/items.rs:85 peek	agree byte for byte; stream LSB-first both sides; header 32 flags/10 version/3 mode/location (16+16 or 4+4+4+3 page+1)	added: item_action_0x9c_0x9d_one_layout; existing crates/d2-server/tests/prop_item_bits.rs (writer vs item_bits::decode)
0x9D	S2C	ItemActionOwned	specs/items/inventory-moves.md §11, specs/items/bitstream.md §1–§4, specs/client/msg-stats-items.md §2	u8@2;min=3 | action:u8@1 size:u8@2 category:u8@3 item:u32@4 owner_type:u8@8 owner:u32@9 data@13	crates/d2-sim/src/items/moves/layouts.rs:22 item_owned (callers deferred.rs:379, :387 fillers 0x13)	crates/d2-proto/src/generated.rs:3384 ServerMessage (size only); crates/d2-proto/src/item_bits.rs:355 decode	-	crates/d2-client/src/bridge/msg/stats_items.rs:231 item_action	agree; action→message split (client world_action stats_items.rs:221) matches specs/items/item-actions.tsv and deferred.rs rows	added: item_action_0x9c_0x9d_one_layout
0x9E	S2C	MercStatByte	specs/world/hirelings.md §13 r4, specs/client/msg-stats-items.md §4	7 | stat:u8@1 merc:u32@2 value:u8@6	crates/d2-sim/src/world/hirelings/level.rs:163 stat_message (flush crates/d2-sim/src/wiring/interaction/mod.rs:172)	crates/d2-proto/src/generated.rs:7873 MercStatByte encode/decode	-	crates/d2-client/src/bridge/msg/items.rs:18 merc_stat	agree	added: merc_stat_0x9e_0xa2_one_layout
0x9F	S2C	MercStatWord	specs/world/hirelings.md §13 r4, specs/client/msg-stats-items.md §4	8 | stat:u8@1 merc:u32@2 value:u16@6	crates/d2-sim/src/world/hirelings/level.rs:163 stat_message	crates/d2-proto/src/generated.rs:7912 MercStatWord encode/decode	-	crates/d2-client/src/bridge/msg/items.rs:18 merc_stat	agree	added: merc_stat_0x9e_0xa2_one_layout
0xA0	S2C	MercStatDword	specs/world/hirelings.md §13 r4, r5 (edge case 7), specs/client/msg-stats-items.md §4	10 | stat:u8@1 merc:u32@2 value:u32@6	crates/d2-sim/src/world/hirelings/level.rs:163 stat_message; :190 exp_delta_message (δ ≥ 0xFFFF carries the old value)	crates/d2-proto/src/generated.rs:7951 MercStatDword encode/decode	-	crates/d2-client/src/bridge/msg/items.rs:18 merc_stat	agree	added: merc_stat_0x9e_0xa2_one_layout, merc_add_exp_0xa1_0xa2_one_layout
0xA1	S2C	MercAddExpByte	specs/world/hirelings.md §13 r5, specs/client/msg-stats-items.md §4	7 | stat:u8@1 merc:u32@2 delta:u8@6	crates/d2-sim/src/world/hirelings/level.rs:190 exp_delta_message (called level.rs:303)	crates/d2-proto/src/generated.rs:7990 MercAddExpByte encode/decode	-	crates/d2-client/src/bridge/msg/items.rs:18 merc_stat (add)	agree	added: merc_add_exp_0xa1_0xa2_one_layout
0xA2	S2C	MercAddExpWord	specs/world/hirelings.md §13 r5, specs/client/msg-stats-items.md §4	8 | stat:u8@1 merc:u32@2 delta:u16@6	crates/d2-sim/src/world/hirelings/level.rs:190 exp_delta_message	crates/d2-proto/src/generated.rs:8029 MercAddExpWord encode/decode	-	crates/d2-client/src/bridge/msg/items.rs:18 merc_stat (add)	agree	added: merc_add_exp_0xa1_0xa2_one_layout
0xA3	S2C	UnknownA3	specs/sim/intents-events.md §4 0xA3 row, §7.9 r2, specs/skills/bodies-2.md §2.21, specs/skills/bodies.md §2.14 step 5, specs/client/msg-skills.md §8	24 | v:u8@1 skill:u16@2 level:u16@4 type:u8@6 guid:u32@7 target_type:u8@0xB target:u32@0xC x:u32@0x10 y:u32@0x14	crates/d2-sim/src/wiring/action/event_records.rs progressive (record written by wiring/interaction/skill_use.rs queue_progressive; flushed by the per-client update, §7.9 r2)	crates/d2-proto/src/generated.rs:8068 UnknownA3 encode/decode	-	crates/d2-client/src/bridge/msg/skills.rs:336 skill_do	never produced by d2rs; TSV produced_by=sim	skill_npc_baal_0xa3_0xa4_0xa5_0xab_one_layout (sim == proto == client); d2-sim wiring::action::tests::sound::pending_event_records_are_sent_then_freed
0xA4	S2C	BaalWave	specs/sim/intents-events.md §7.9 r2, specs/client/msg-units.md §7	3 | class:u16@1	crates/d2-sim/src/wiring/action/event_records.rs preload (record written by wiring/action/ai.rs preload_class; flushed by the per-client update, §7.9 r2)	crates/d2-proto/src/generated.rs:8131 BaalWave encode/decode	-	crates/d2-client/src/bridge/msg/unit_misc.rs:217 baal_wave	never produced	skill_npc_baal_0xa3_0xa4_0xa5_0xab_one_layout (sim == proto == client); d2-sim wiring::action::tests::sound::pending_event_records_are_sent_then_freed
0xA5	S2C	UnknownA5	specs/sim/intents-events.md §4 0xA5 row, specs/skills/bodies-2.md §2.13, specs/client/msg-skills.md §10	8 | type:u8@1 guid:u32@2 skill:u16@6	crates/d2-sim/src/wiring/action/event_records.rs landing (record Landing written by skill_use.rs effect MsgA5; REC-411)	crates/d2-proto/src/generated.rs:8162 UnknownA5 encode/decode	-	crates/d2-client/src/bridge/msg/skills.rs:361 skill_end	unit = the unit the record sits on (PROVISIONAL REC-411)	added: skill_npc_baal_0xa3_0xa4_0xa5_0xab_one_layout
0xA6	S2C	UnknownA6	specs/client/msg-stats-items.md §5 r7, specs/sim/intents-events.md §3.1 r1	u16@2;min=4 | code:u8@1 size:u16@2 index:u16@4 record@6	-	crates/d2-proto/src/generated.rs:3393 ServerMessage (size only)	-	crates/d2-client/src/bridge/msg/items.rs:193 item_table_entry	never sent: no static caller of 0x0053E1C0 (msg-stats-items.md §5 r7.2); no d2rs writer by design (PC 1 re-check in pc1-data.md Step 4)	added: item_table_entry_0xa6_one_layout
0xA7	S2C	DelayedState	specs/sim/intents-events.md §3.5 r6, specs/client/stat-lists.md §3 r4	7 | type:u8@1 guid:u32@2 state:u8@6	crates/d2-sim/src/units/messages.rs:272 state_ref (called crates/d2-sim/src/wiring/action/state_update.rs:55)	crates/d2-proto/src/generated.rs:8201 DelayedState encode/decode	-	crates/d2-client/src/bridge/msg/states.rs:167 delayed_or_end_state	agree	added: delayed_end_state_0xa7_0xa9_one_layout
0xA8	S2C	SetState	specs/sim/intents-events.md §3.5 r6, §7.9 r1.3, specs/client/stat-lists.md §3 r1, r2	u8@6;min=7 | type:u8@1 guid:u32@2 size:u8@6 state:u8@7 data@8	crates/d2-sim/src/units/messages.rs:280 set_state (called crates/d2-sim/src/wiring/action/state_update.rs:58)	crates/d2-proto/src/generated.rs:3395 ServerMessage (size only)	-	crates/d2-client/src/bridge/msg/states.rs:187 set_state (read_stats states.rs:129)	agree on bytes; param: sim writes unsigned low bits, client reads signed (spec §3 r1) → (stat, param) key differs for param ≥ 2^(pb−1) (spec-faithful)	added: set_state_0xa8_one_layout
0xA9	S2C	EndState	specs/sim/intents-events.md §3.5 r6, specs/client/stat-lists.md §3 r4	7 | type:u8@1 guid:u32@2 state:u8@6	crates/d2-sim/src/units/messages.rs:272 state_ref (called crates/d2-sim/src/wiring/action/state_update.rs:41)	crates/d2-proto/src/generated.rs:8240 EndState encode/decode	-	crates/d2-client/src/bridge/msg/states.rs:167 delayed_or_end_state	agree	added: delayed_end_state_0xa7_0xa9_one_layout
0xAA	S2C	AddUnit	specs/sim/intents-events.md §7.9 r1, specs/client/msg-units.md §6 r2–r3	u8@6;min=7 | type:u8@1 guid:u32@2 size:u8@6 data@7	crates/d2-sim/src/units/messages.rs:310 unit_states (called crates/d2-sim/src/wiring/action/switch.rs:340; monster_add.rs:219)	crates/d2-proto/src/generated.rs:3397 ServerMessage (size only)	-	crates/d2-client/src/bridge/msg/states.rs:209 add_unit_states	agree (same param-sign note as 0xA8); writer truncates at 0xF4 bytes so size ≤ 251	added: add_unit_states_0xaa_one_layout; existing crates/d2-sim/src/units/messages.rs tests::unit_states_matches_the_recorded_join
0xAB	S2C	NpcHeal	specs/sim/intents-events.md §7.9 r2, specs/client/msg-units.md §7 r11	7 | type:u8@1 guid:u32@2 life:u8@6	crates/d2-sim/src/wiring/action/event_records.rs npc_heal (record NpcHeal written by units.rs send_life_fraction from the regeneration fraction update; REC-412)	crates/d2-proto/src/generated.rs:8279 NpcHeal encode/decode	-	crates/d2-client/src/bridge/msg/unit_misc.rs:229 npc_heal	sent unless the unit is revived; hostility test not applied (PROVISIONAL REC-412)	added: skill_npc_baal_0xa3_0xa4_0xa5_0xab_one_layout
0xAC	S2C	AssignMonster	specs/monsters/init.md §24, specs/client/msg-units.md §1.2, specs/sim/intents-events.md §4 0xAC row	u8@12;min=13 | guid:u32@1 class:u16@5 x:u16@7 y:u16@9 life:u8@11 size:u8@12 data@13	crates/d2-sim/src/wiring/action/monster_add.rs:81 assign_monster (sent monster_add.rs:203)	crates/d2-proto/src/generated.rs:3399 ServerMessage (size only)	-	crates/d2-client/src/bridge/msg/units.rs:142 assign_monster	agree field by field (mode 4, comps, type block incl. hireling owner 32, source 31, stat list 9/param/value, 0x1FF or 2 zero bits); sim size (13+len) as u8 wraps for len ≥ 243 (unreachable, ~186 max)	added: assign_monster_0xac_one_layout; existing monster_add.rs tests::assign_monster_minimal_stream
0xAD	S2C	-	specs/sim/intents-events.md §3.1 r1	0 |	-	crates/d2-proto/src/generated.rs:3400 (size 0)	-	crates/d2-client/src/bridge/msg/mod.rs:291 none (no_op)	size 0: split discards	added: session_0xae_0xb4_one_layout
0xAE	S2C	WardenRequest	specs/sim/intents-events.md §3.1 r1, §4 r4	u16@1+3;cap=0x1FD;min=3 | len:u16@1 data@3	-	crates/d2-proto/src/s2c/messages.rs:275 WardenRequest encode/decode	-	crates/d2-client/src/bridge/msg/mod.rs:292 no_op	agree	added: session_0xae_0xb4_one_layout
0xAF	S2C	ConnectionInfo	specs/sim/intents-events.md §3.1 r1, specs/client/model.md §7	af | flag:u8@1	- (tests only queue it)	crates/d2-proto/src/schema.rs SizeRule::Af (no type)	-	crates/d2-client/src/bridge/msg/session.rs:235 connection_info	no producer in d2rs	added: session_0xae_0xb4_one_layout
0xB0	S2C	ConnectionTerminated	specs/sim/intents-events.md §8, specs/client/model.md §7 r10	1 |	- (d2-server direct: crates/d2-server/src/adapters/session_flow.rs:394 &[0xB0])	crates/d2-proto/src/generated.rs:8318 ConnectionTerminated	crates/d2-server/src/adapters/session_flow.rs:394 send_direct	crates/d2-client/src/bridge/msg/session.rs:241 connection_terminated	agree	added: session_0xae_0xb4_one_layout
0xB1	S2C	GamesInfo	specs/sim/intents-events.md §3.1 r1	0 |	-	crates/d2-proto/src/generated.rs:3404 (size 0)	-	crates/d2-client/src/bridge/msg/mod.rs:295 none	size 0	added: session_0xae_0xb4_one_layout
0xB2	S2C	GameList	specs/sim/intents-events.md §2.5 r3, §3.4 r2	53 | name:cstr16@1 u16@49 u16@51	- (d2-server builder crates/d2-server/src/adapters/session_flow.rs:272 game_list_entry)	crates/d2-proto/src/generated.rs:8343 GameList encode/decode	crates/d2-server/src/adapters/session_flow.rs:424 (C→S 0x6A answer)	crates/d2-client/src/bridge/msg/mod.rs:296 none (ignored)	agree	added: session_0xae_0xb4_one_layout
0xB3	S2C	DownloadSave	specs/sim/intents-events.md §3.1 r1, §3.2 r5	u8@1+7;min=8 | len:u8@1 first:u8@2 total:u32@3 data@7	- (game types 1/2 only, not implemented: crates/d2-server/src/host.rs:284)	crates/d2-proto/src/generated.rs:3406 ServerMessage (size only)	-	crates/d2-client/src/bridge/msg/mod.rs:297 no_op	no producer	added: session_0xae_0xb4_one_layout
0xB4	S2C	ConnectionRefused	specs/sim/intents-events.md §8.2 r2, specs/client/model.md §7 r8	5 | code:u32@1	- (d2-server removed the send: crates/d2-server/src/adapters/session_flow.rs:131)	crates/d2-proto/src/generated.rs:8382 ConnectionRefused encode/decode	-	crates/d2-client/src/bridge/msg/session.rs:156 join_refused	no producer	added: session_0xae_0xb4_one_layout
0x00	C2S	-	intents-events.md §2.3 r1	size=0 handler=-  kind=none gate=-	-	- (no typed message: size 0 / no layout fields)	crates/d2-server/src/dispatch.rs:210 dispatch (gate 62, kind 51, check_size 257) (id 0 -> Malformed)	-	never sent	-
0x01	C2S	Walk	intents-events.md §2.4 r3; sim/pathing.md §1.1	size=5 handler===5 x:u16@1 y:u16@3 kind=handler gate=alive	consumer: crates/d2-sim/src/wiring/path/walk.rs:187 walk_message (a=x,b=y)	crates/d2-proto/src/generated.rs:131 client::Walk encode/decode	crates/d2-server/src/dispatch.rs:277 parse (point x u16@1 y u16@3); crates/d2-server/src/adapters/handlers/walk.rs:128 handle (u16@1,u16@3)	crates/d2-client/src/controls/click.rs:313 code_bytes (via bridge/click.rs:411 apply); world_view/ground_items.rs:357, world_view/corpse_click.rs:139 (proto Walk); bridge/predict.rs:155 walk_of reads it back	client walk_clamp limits |d|<0x100 then the client path end; server refuses > 50 (resync 0x15 after 25 frames): consistent with spec; see findings (rubber band not a wire issue)	added: crates/d2-client/src/bridge/msg/tests_proto_e.rs::point_messages_0x01_0x03_0x05_0x08_0x0c_0x0f_one_layout
0x02	C2S	WalkToUnit	intents-events.md §2.4 r4; sim/pathing.md §1.1	size=9 handler===9 type:u32@1 id:u32@5 kind=handler gate=alive	consumer: crates/d2-sim/src/wiring/path/walk.rs:187 walk_message (a=type,b=guid)	crates/d2-proto/src/generated.rs:166 client::WalkToUnit encode/decode	crates/d2-server/src/dispatch.rs:277 parse (unit type u32@1 id u32@5); crates/d2-server/src/adapters/handlers/walk.rs:128 handle (u32@1,u32@5)	crates/d2-client/src/controls/click.rs:313 code_bytes (via bridge/click.rs:411 apply) (click.rs:810,902,940,950,982,1014,1083)	-	added: crates/d2-client/src/bridge/msg/tests_proto_e.rs::unit_messages_0x02_0x04_0x06_0x07_0x09_0x0a_0x0d_0x0e_0x10_0x11_one_layout
0x03	C2S	Run	intents-events.md §2.4 r3; sim/pathing.md §1.1	size=5 handler===5 x:u16@1 y:u16@3 kind=handler gate=alive	consumer: crates/d2-sim/src/wiring/path/walk.rs:187 walk_message (a=x,b=y)	crates/d2-proto/src/generated.rs:201 client::Run encode/decode	crates/d2-server/src/dispatch.rs:277 parse (point x u16@1 y u16@3); crates/d2-server/src/adapters/handlers/walk.rs:128 handle (u16@1,u16@3)	crates/d2-client/src/controls/click.rs:313 code_bytes (via bridge/click.rs:411 apply); world_view/ground_items.rs:357, world_view/corpse_click.rs:139 (proto Walk); bridge/predict.rs:155 walk_of reads it back	client walk_clamp limits |d|<0x100 then the client path end; server refuses > 50 (resync 0x15 after 25 frames): consistent with spec; see findings (rubber band not a wire issue)	added: crates/d2-client/src/bridge/msg/tests_proto_e.rs::point_messages_0x01_0x03_0x05_0x08_0x0c_0x0f_one_layout
0x04	C2S	RunToUnit	intents-events.md §2.4 r4; sim/pathing.md §1.1	size=9 handler===9 type:u32@1 id:u32@5 kind=handler gate=alive	consumer: crates/d2-sim/src/wiring/path/walk.rs:187 walk_message (a=type,b=guid)	crates/d2-proto/src/generated.rs:236 client::RunToUnit encode/decode	crates/d2-server/src/dispatch.rs:277 parse (unit type u32@1 id u32@5); crates/d2-server/src/adapters/handlers/walk.rs:128 handle (u32@1,u32@5)	crates/d2-client/src/controls/click.rs:313 code_bytes (via bridge/click.rs:411 apply) (click.rs:810,902,940,950,982,1014,1083)	-	added: crates/d2-client/src/bridge/msg/tests_proto_e.rs::unit_messages_0x02_0x04_0x06_0x07_0x09_0x0a_0x0d_0x0e_0x10_0x11_one_layout
0x05	C2S	ShiftLeftSkill	intents-events.md §2.4 r3, r5; skills/use.md §1	size=5 handler===5 x:u16@1 y:u16@3 kind=handler gate=alive	consumer: crates/d2-sim/src/skills/use_/mod.rs:428 handle_message, :369 validate_point (u16@1,u16@3)	crates/d2-proto/src/generated.rs:271 client::ShiftLeftSkill encode/decode	crates/d2-server/src/dispatch.rs:277 parse (point x u16@1 y u16@3); crates/d2-server/src/adapters/handlers/skills/wired.rs:78 (skills/mod.rs:241 handle)	crates/d2-client/src/controls/click.rs:313 code_bytes (via bridge/click.rs:411 apply) (click.rs:604 skill_code)	-	added: crates/d2-client/src/bridge/msg/tests_proto_e.rs::point_messages_0x01_0x03_0x05_0x08_0x0c_0x0f_one_layout
0x06	C2S	LeftSkillOnUnit	intents-events.md §2.4 r4, r5; skills/use.md §1	size=9 handler===9 type:u32@1 id:u32@5 kind=handler gate=alive	consumer: crates/d2-sim/src/skills/use_/mod.rs:428 handle_message, :400 validate_unit (u32@1,u32@5)	crates/d2-proto/src/generated.rs:306 client::LeftSkillOnUnit encode/decode	crates/d2-server/src/dispatch.rs:277 parse (unit type u32@1 id u32@5); crates/d2-server/src/adapters/handlers/skills/wired.rs:78 (skills/mod.rs:241 handle)	crates/d2-client/src/controls/click.rs:313 code_bytes (via bridge/click.rs:411 apply) (click.rs:604 skill_code; no unit -> type 6, guid MAX -> server Invalid)	-	added: crates/d2-client/src/bridge/msg/tests_proto_e.rs::unit_messages_0x02_0x04_0x06_0x07_0x09_0x0a_0x0d_0x0e_0x10_0x11_one_layout
0x07	C2S	ShiftLeftSkillOnUnit	intents-events.md §2.4 r4, r5; skills/use.md §1	size=9 handler===9 type:u32@1 id:u32@5 kind=handler gate=alive	consumer: crates/d2-sim/src/skills/use_/mod.rs:428 handle_message, :400 validate_unit (u32@1,u32@5)	crates/d2-proto/src/generated.rs:341 client::ShiftLeftSkillOnUnit encode/decode	crates/d2-server/src/dispatch.rs:277 parse (unit type u32@1 id u32@5); crates/d2-server/src/adapters/handlers/skills/wired.rs:78 (skills/mod.rs:241 handle)	crates/d2-client/src/controls/click.rs:313 code_bytes (via bridge/click.rs:411 apply) (click.rs:604 skill_code; no unit -> type 6, guid MAX -> server Invalid)	-	added: crates/d2-client/src/bridge/msg/tests_proto_e.rs::unit_messages_0x02_0x04_0x06_0x07_0x09_0x0a_0x0d_0x0e_0x10_0x11_one_layout
0x08	C2S	ShiftLeftSkillHold	intents-events.md §2.4 r3, r5; skills/use.md §1	size=5 handler===5 x:u16@1 y:u16@3 kind=handler gate=alive	consumer: crates/d2-sim/src/skills/use_/mod.rs:428 handle_message, :369 validate_point (u16@1,u16@3)	crates/d2-proto/src/generated.rs:376 client::ShiftLeftSkillHold encode/decode	crates/d2-server/src/dispatch.rs:277 parse (point x u16@1 y u16@3); crates/d2-server/src/adapters/handlers/skills/wired.rs:78 (skills/mod.rs:241 handle)	crates/d2-client/src/controls/click.rs:313 code_bytes (via bridge/click.rs:411 apply) (click.rs:604 skill_code)	-	added: crates/d2-client/src/bridge/msg/tests_proto_e.rs::point_messages_0x01_0x03_0x05_0x08_0x0c_0x0f_one_layout
0x09	C2S	LeftSkillOnUnitHold	intents-events.md §2.4 r4, r5; skills/use.md §1	size=9 handler===9 type:u32@1 id:u32@5 kind=handler gate=alive	consumer: crates/d2-sim/src/skills/use_/mod.rs:428 handle_message, :400 validate_unit (u32@1,u32@5)	crates/d2-proto/src/generated.rs:411 client::LeftSkillOnUnitHold encode/decode	crates/d2-server/src/dispatch.rs:277 parse (unit type u32@1 id u32@5); crates/d2-server/src/adapters/handlers/skills/wired.rs:78 (skills/mod.rs:241 handle)	crates/d2-client/src/controls/click.rs:313 code_bytes (via bridge/click.rs:411 apply) (click.rs:604 skill_code; no unit -> type 6, guid MAX -> server Invalid)	-	added: crates/d2-client/src/bridge/msg/tests_proto_e.rs::unit_messages_0x02_0x04_0x06_0x07_0x09_0x0a_0x0d_0x0e_0x10_0x11_one_layout
0x0A	C2S	ShiftLeftSkillOnUnitHold	intents-events.md §2.4 r4, r5; skills/use.md §1	size=9 handler===9 type:u32@1 id:u32@5 kind=handler gate=alive	consumer: crates/d2-sim/src/skills/use_/mod.rs:428 handle_message, :400 validate_unit (u32@1,u32@5)	crates/d2-proto/src/generated.rs:446 client::ShiftLeftSkillOnUnitHold encode/decode	crates/d2-server/src/dispatch.rs:277 parse (unit type u32@1 id u32@5); crates/d2-server/src/adapters/handlers/skills/wired.rs:78 (skills/mod.rs:241 handle)	crates/d2-client/src/controls/click.rs:313 code_bytes (via bridge/click.rs:411 apply) (click.rs:604 skill_code; no unit -> type 6, guid MAX -> server Invalid)	-	added: crates/d2-client/src/bridge/msg/tests_proto_e.rs::unit_messages_0x02_0x04_0x06_0x07_0x09_0x0a_0x0d_0x0e_0x10_0x11_one_layout
0x0B	C2S	Unused0B	intents-events.md §2.1 r8, §2.4 r2	size=1 handler===1  kind=handler gate=alive	-	crates/d2-proto/src/generated.rs:481 client::Unused0B encode/decode	crates/d2-server/src/adapters/handlers/skills/wired.rs:78 (skills/mod.rs:241 handle) (Done)	- (code_bytes refuses 0x0B; 1.14d never sends it)	-	added: crates/d2-client/src/bridge/msg/tests_proto_e.rs::click_codes_send_nothing_for_0x00_0x0b_0x12_0x13
0x0C	C2S	RightSkill	intents-events.md §2.4 r3, r5; skills/use.md §1	size=5 handler===5 x:u16@1 y:u16@3 kind=handler gate=alive	consumer: crates/d2-sim/src/skills/use_/mod.rs:428 handle_message, :369 validate_point (u16@1,u16@3)	crates/d2-proto/src/generated.rs:506 client::RightSkill encode/decode	crates/d2-server/src/dispatch.rs:277 parse (point x u16@1 y u16@3); crates/d2-server/src/adapters/handlers/skills/wired.rs:78 (skills/mod.rs:241 handle)	crates/d2-client/src/controls/click.rs:313 code_bytes (via bridge/click.rs:411 apply) (click.rs:604 skill_code)	-	added: crates/d2-client/src/bridge/msg/tests_proto_e.rs::point_messages_0x01_0x03_0x05_0x08_0x0c_0x0f_one_layout
0x0D	C2S	RightSkillOnUnit	intents-events.md §2.4 r4, r5; skills/use.md §1	size=9 handler===9 type:u32@1 id:u32@5 kind=handler gate=alive	consumer: crates/d2-sim/src/skills/use_/mod.rs:428 handle_message, :400 validate_unit (u32@1,u32@5)	crates/d2-proto/src/generated.rs:541 client::RightSkillOnUnit encode/decode	crates/d2-server/src/dispatch.rs:277 parse (unit type u32@1 id u32@5); crates/d2-server/src/adapters/handlers/skills/wired.rs:78 (skills/mod.rs:241 handle)	crates/d2-client/src/controls/click.rs:313 code_bytes (via bridge/click.rs:411 apply) (click.rs:604 skill_code; no unit -> type 6, guid MAX -> server Invalid)	-	added: crates/d2-client/src/bridge/msg/tests_proto_e.rs::unit_messages_0x02_0x04_0x06_0x07_0x09_0x0a_0x0d_0x0e_0x10_0x11_one_layout
0x0E	C2S	ShiftRightSkillOnUnit	intents-events.md §2.4 r4, r5; skills/use.md §1	size=9 handler===9 type:u32@1 id:u32@5 kind=handler gate=alive	consumer: crates/d2-sim/src/skills/use_/mod.rs:428 handle_message, :400 validate_unit (u32@1,u32@5)	crates/d2-proto/src/generated.rs:576 client::ShiftRightSkillOnUnit encode/decode	crates/d2-server/src/dispatch.rs:277 parse (unit type u32@1 id u32@5); crates/d2-server/src/adapters/handlers/skills/wired.rs:78 (skills/mod.rs:241 handle)	crates/d2-client/src/controls/click.rs:313 code_bytes (via bridge/click.rs:411 apply) (click.rs:604 skill_code; no unit -> type 6, guid MAX -> server Invalid)	-	added: crates/d2-client/src/bridge/msg/tests_proto_e.rs::unit_messages_0x02_0x04_0x06_0x07_0x09_0x0a_0x0d_0x0e_0x10_0x11_one_layout
0x0F	C2S	RightSkillHold	intents-events.md §2.4 r3, r5; skills/use.md §1	size=5 handler===5 x:u16@1 y:u16@3 kind=handler gate=alive	consumer: crates/d2-sim/src/skills/use_/mod.rs:428 handle_message, :369 validate_point (u16@1,u16@3)	crates/d2-proto/src/generated.rs:611 client::RightSkillHold encode/decode	crates/d2-server/src/dispatch.rs:277 parse (point x u16@1 y u16@3); crates/d2-server/src/adapters/handlers/skills/wired.rs:78 (skills/mod.rs:241 handle)	crates/d2-client/src/controls/click.rs:313 code_bytes (via bridge/click.rs:411 apply) (click.rs:604 skill_code)	-	added: crates/d2-client/src/bridge/msg/tests_proto_e.rs::point_messages_0x01_0x03_0x05_0x08_0x0c_0x0f_one_layout
0x10	C2S	RightSkillOnUnitHold	intents-events.md §2.4 r4, r5; skills/use.md §1	size=9 handler===9 type:u32@1 id:u32@5 kind=handler gate=alive	consumer: crates/d2-sim/src/skills/use_/mod.rs:428 handle_message, :400 validate_unit (u32@1,u32@5)	crates/d2-proto/src/generated.rs:646 client::RightSkillOnUnitHold encode/decode	crates/d2-server/src/dispatch.rs:277 parse (unit type u32@1 id u32@5); crates/d2-server/src/adapters/handlers/skills/wired.rs:78 (skills/mod.rs:241 handle)	crates/d2-client/src/controls/click.rs:313 code_bytes (via bridge/click.rs:411 apply) (click.rs:604 skill_code; no unit -> type 6, guid MAX -> server Invalid)	-	added: crates/d2-client/src/bridge/msg/tests_proto_e.rs::unit_messages_0x02_0x04_0x06_0x07_0x09_0x0a_0x0d_0x0e_0x10_0x11_one_layout
0x11	C2S	ShiftRightSkillOnUnitHold	intents-events.md §2.4 r4, r5; skills/use.md §1	size=9 handler===9 type:u32@1 id:u32@5 kind=handler gate=alive	consumer: crates/d2-sim/src/skills/use_/mod.rs:428 handle_message, :400 validate_unit (u32@1,u32@5)	crates/d2-proto/src/generated.rs:681 client::ShiftRightSkillOnUnitHold encode/decode	crates/d2-server/src/dispatch.rs:277 parse (unit type u32@1 id u32@5); crates/d2-server/src/adapters/handlers/skills/wired.rs:78 (skills/mod.rs:241 handle)	crates/d2-client/src/controls/click.rs:313 code_bytes (via bridge/click.rs:411 apply) (click.rs:604 skill_code; no unit -> type 6, guid MAX -> server Invalid)	-	added: crates/d2-client/src/bridge/msg/tests_proto_e.rs::unit_messages_0x02_0x04_0x06_0x07_0x09_0x0a_0x0d_0x0e_0x10_0x11_one_layout
0x12	C2S	EndInferno	intents-events.md §9 r2	size=1 handler===1  kind=handler gate=alive	-	crates/d2-proto/src/generated.rs:716 client::EndInferno encode/decode	crates/d2-server/src/adapters/handlers/player.rs:411 run (size_ok 397) end_inferno 446	- (no client sender; 0x00481030 asserts on 0x12)	-	added: crates/d2-client/src/bridge/msg/tests_proto_e.rs::every_handler_id_exact_size_is_the_tsv_size_one_layout
0x13	C2S	InteractWithEntity	client/model.md §8 r7; world/npc.md §2; waypoints.md §5.2	size=9 handler===9 type:u32@1 id:u32@5 kind=handler gate=alive	consumer: crates/d2-sim/src/world/npc.rs:592 interact (type u32@1, guid u32@5)	crates/d2-proto/src/generated.rs:741 client::InteractWithEntity encode/decode	crates/d2-server/src/adapters/handlers/world.rs:504 handle route 221 (type 2 objects, 5 warps, else Npc; type 0/4 -> stub)	crates/d2-client/src/bridge/objects/interact.rs:26 interact_bytes (send 37)	not unit-parsed by the dispatcher (spec §2.4 r4 list)	added: crates/d2-client/src/bridge/msg/tests_proto_e.rs::interact_0x13_one_layout
0x14	C2S	OverheadChat	intents-events.md §2.4 r6, §9 r3	size=chat handler=4..275 unread:u8@1 lang:u8@2 msg:cstr@3 name:cstr kind=handler gate=none	-	- (no typed message: size 0 / no layout fields)	crates/d2-server/src/dispatch.rs:210 dispatch (gate 62, kind 51, check_size 257) (size 4..=275, cstr@3 check 277); crates/d2-server/src/adapters/handlers/player.rs:411 run (size_ok 397) overhead_chat 454	- (client never sends chat)	-	none
0x15	C2S	Chat	intents-events.md §2.4 r6	size=chat handler=chat unread:u8@1 lang:u8@2 msg:cstr@3 target:cstr kind=handler gate=none	-	- (no typed message: size 0 / no layout fields)	crates/d2-server/src/dispatch.rs parse: strlen < 256 and strlen + 4 < size, else 2 (PROVISIONAL REC-402); then the stub	- (client never sends chat)	handler-side string check (strlen+4<size) not implemented: 0x15 is a stub	d2-server tests::messages::chat_string_checks
0x16	C2S	PickItem	items/inventory-moves.md §7.1	size=13 handler===13 type:u32@1 id:u32@5 cursor:u32@9 kind=handler gate=alive	consumer: crates/d2-sim/src/items/moves/handlers.rs:69 pick_item(u32@1,u32@5,u32@9)	crates/d2-proto/src/generated.rs:776 client::PickItem encode/decode	crates/d2-server/src/adapters/handlers/items/moves.rs:330 handle -> d2-sim items/moves/handlers.rs:60	crates/d2-client/src/bridge/items.rs:247 pick; world_view/corpse_click.rs:30 pick_corpse; bridge/objects/interact.rs:68 (inline, type 4, pickup_flag)	-	added: crates/d2-client/src/bridge/msg/tests_proto_e.rs::item_moves_0x16_to_0x63_one_layout
0x17	C2S	DropItem	items/inventory-moves.md §7	size=5 handler===5 item:u32@1 kind=handler gate=alive	consumer: crates/d2-sim/src/items/moves/handlers.rs:60 drop_item(u32@1)	crates/d2-proto/src/generated.rs:815 client::DropItem encode/decode	crates/d2-server/src/adapters/handlers/items/moves.rs:330 handle -> d2-sim items/moves/handlers.rs:60	crates/d2-client/src/controls/click.rs:474 send_u32; bridge/items.rs:256 drop (world_view/ground_items.rs:312)	-	added: crates/d2-client/src/bridge/msg/tests_proto_e.rs::every_handler_id_exact_size_is_the_tsv_size_one_layout (size); crates/d2-client/src/bridge/msg/tests_proto_e.rs::item_moves_0x16_to_0x63_one_layout (HANDLED sizes)
0x18	C2S	InsertItemInBuffer	items/inventory-moves.md §7	size=17 handler===17 item:u32@1 x:u32@5 y:u32@9 page:u32@13 kind=handler gate=alive	consumer: crates/d2-sim/src/items/moves/handlers.rs:60 insert_item(u32@1,5,9,13)	crates/d2-proto/src/generated.rs:846 client::InsertItemInBuffer encode/decode	crates/d2-server/src/adapters/handlers/items/moves.rs:330 handle -> d2-sim items/moves/handlers.rs:60	crates/d2-client/src/bridge/items.rs:261 insert (ui/panels/inv_items.rs:455)	-	added: crates/d2-client/src/bridge/msg/tests_proto_e.rs::every_handler_id_exact_size_is_the_tsv_size_one_layout (size); crates/d2-client/src/bridge/msg/tests_proto_e.rs::item_moves_0x16_to_0x63_one_layout (HANDLED sizes)
0x19	C2S	RemoveItemFromBuffer	items/inventory-moves.md §7	size=5 handler===5 item:u32@1 kind=handler gate=alive	consumer: crates/d2-sim/src/items/moves/handlers.rs:60 remove_from_buffer(u32@1)	crates/d2-proto/src/generated.rs:889 client::RemoveItemFromBuffer encode/decode	crates/d2-server/src/adapters/handlers/items/moves.rs:330 handle -> d2-sim items/moves/handlers.rs:60	crates/d2-client/src/bridge/items.rs:266 remove (inv_items.rs:454)	-	added: crates/d2-client/src/bridge/msg/tests_proto_e.rs::every_handler_id_exact_size_is_the_tsv_size_one_layout (size); crates/d2-client/src/bridge/msg/tests_proto_e.rs::item_moves_0x16_to_0x63_one_layout (HANDLED sizes)
0x1A	C2S	EquipItem	items/inventory-moves.md §7	size=9 handler===9 item:u32@1 bodyloc:u8@5 kind=handler gate=alive	consumer: crates/d2-sim/src/items/moves/handlers.rs:60 equip_item(u32@1, m[5])	crates/d2-proto/src/generated.rs:920 client::EquipItem encode/decode	crates/d2-server/src/adapters/handlers/items/moves.rs:330 handle -> d2-sim items/moves/handlers.rs:60	crates/d2-client/src/bridge/items.rs:271 equip (inv_items.rs:540)	server reads bodyloc u8@5, bytes 6..8 ignored (§2.4 r9); proto writes 0 there	added: crates/d2-client/src/bridge/msg/tests_proto_e.rs::every_handler_id_exact_size_is_the_tsv_size_one_layout (size); crates/d2-client/src/bridge/msg/tests_proto_e.rs::item_moves_0x16_to_0x63_one_layout (HANDLED sizes)
0x1B	C2S	Swap2HandedItem	items/inventory-moves.md §7	size=9 handler===9 item:u32@1 bodyloc:u8@5 kind=handler gate=alive	consumer: crates/d2-sim/src/items/moves/handlers.rs:60 swap_2handed(u32@1, m[5])	crates/d2-proto/src/generated.rs:955 client::Swap2HandedItem encode/decode	crates/d2-server/src/adapters/handlers/items/moves.rs:330 handle -> d2-sim items/moves/handlers.rs:60	-	server reads bodyloc u8@5, bytes 6..8 ignored (§2.4 r9); proto writes 0 there	added: crates/d2-client/src/bridge/msg/tests_proto_e.rs::every_handler_id_exact_size_is_the_tsv_size_one_layout (size); crates/d2-client/src/bridge/msg/tests_proto_e.rs::item_moves_0x16_to_0x63_one_layout (HANDLED sizes)
0x1C	C2S	RemoveBodyItem	items/inventory-moves.md §7	size=3 handler===3 bodyloc:u16@1 kind=handler gate=alive	consumer: crates/d2-sim/src/items/moves/handlers.rs:60 remove_body_item(u16@1)	crates/d2-proto/src/generated.rs:990 client::RemoveBodyItem encode/decode	crates/d2-server/src/adapters/handlers/items/moves.rs:330 handle -> d2-sim items/moves/handlers.rs:60	crates/d2-client/src/ui/panels/inv_items.rs:545 RemoveBodyItem (proto)	-	added: crates/d2-client/src/bridge/msg/tests_proto_e.rs::every_handler_id_exact_size_is_the_tsv_size_one_layout (size); crates/d2-client/src/bridge/msg/tests_proto_e.rs::item_moves_0x16_to_0x63_one_layout (HANDLED sizes)
0x1D	C2S	SwapCursorWithBody	items/inventory-moves.md §7	size=9 handler===9 item:u32@1 bodyloc:u8@5 kind=handler gate=alive	consumer: crates/d2-sim/src/items/moves/handlers.rs:60 swap_cursor_with_body(u32@1, m[5])	crates/d2-proto/src/generated.rs:1021 client::SwapCursorWithBody encode/decode	crates/d2-server/src/adapters/handlers/items/moves.rs:330 handle -> d2-sim items/moves/handlers.rs:60	crates/d2-client/src/ui/panels/inv_items.rs:541 SwapCursorWithBody (proto)	server reads bodyloc u8@5, bytes 6..8 ignored (§2.4 r9); proto writes 0 there	added: crates/d2-client/src/bridge/msg/tests_proto_e.rs::every_handler_id_exact_size_is_the_tsv_size_one_layout (size); crates/d2-client/src/bridge/msg/tests_proto_e.rs::item_moves_0x16_to_0x63_one_layout (HANDLED sizes)
0x1E	C2S	Swap1HWith2H	items/inventory-moves.md §7	size=9 handler===9 item:u32@1 bodyloc:u8@5 kind=handler gate=alive	consumer: crates/d2-sim/src/items/moves/handlers.rs:60 swap_1h_with_2h(u32@1, m[5])	crates/d2-proto/src/generated.rs:1056 client::Swap1HWith2H encode/decode	crates/d2-server/src/adapters/handlers/items/moves.rs:330 handle -> d2-sim items/moves/handlers.rs:60	-	server reads bodyloc u8@5, bytes 6..8 ignored (§2.4 r9); proto writes 0 there	added: crates/d2-client/src/bridge/msg/tests_proto_e.rs::every_handler_id_exact_size_is_the_tsv_size_one_layout (size); crates/d2-client/src/bridge/msg/tests_proto_e.rs::item_moves_0x16_to_0x63_one_layout (HANDLED sizes)
0x1F	C2S	SwapCursorBufferItem	items/inventory-moves.md §7	size=17 handler===17 cursor:u32@1 target:u32@5 x:u32@9 y:u32@13 kind=handler gate=alive	consumer: crates/d2-sim/src/items/moves/handlers.rs:60 swap_cursor_buffer(u32@1,5,9,13)	crates/d2-proto/src/generated.rs:1091 client::SwapCursorBufferItem encode/decode	crates/d2-server/src/adapters/handlers/items/moves.rs:330 handle -> d2-sim items/moves/handlers.rs:60	crates/d2-client/src/ui/panels/inv_items.rs:463 SwapCursorBufferItem (proto)	-	added: crates/d2-client/src/bridge/msg/tests_proto_e.rs::every_handler_id_exact_size_is_the_tsv_size_one_layout (size); crates/d2-client/src/bridge/msg/tests_proto_e.rs::item_moves_0x16_to_0x63_one_layout (HANDLED sizes)
0x20	C2S	UseGridItem	items/inventory-moves.md §7	size=13 handler===13 item:u32@1 x:u32@5 y:u32@9 kind=handler gate=alive	consumer: crates/d2-sim/src/items/moves/handlers.rs:60 use_grid_item(u32@1,5,9)	crates/d2-proto/src/generated.rs:1134 client::UseGridItem encode/decode	crates/d2-server/src/adapters/handlers/items/moves.rs:330 handle -> d2-sim items/moves/handlers.rs:60	crates/d2-client/src/bridge/items.rs:286 use_grid (inv_items.rs:349, inv_items_tip.rs:131)	-	added: crates/d2-client/src/bridge/msg/tests_proto_e.rs::every_handler_id_exact_size_is_the_tsv_size_one_layout (size); crates/d2-client/src/bridge/msg/tests_proto_e.rs::item_moves_0x16_to_0x63_one_layout (HANDLED sizes)
0x21	C2S	StackItems	items/inventory-moves.md §7	size=9 handler===9 src:u32@1 dst:u32@5 kind=handler gate=alive	consumer: crates/d2-sim/src/items/moves/handlers.rs:60 stack_items(u32@1,5)	crates/d2-proto/src/generated.rs:1173 client::StackItems encode/decode	crates/d2-server/src/adapters/handlers/items/moves.rs:330 handle -> d2-sim items/moves/handlers.rs:60	-	-	added: crates/d2-client/src/bridge/msg/tests_proto_e.rs::every_handler_id_exact_size_is_the_tsv_size_one_layout (size); crates/d2-client/src/bridge/msg/tests_proto_e.rs::item_moves_0x16_to_0x63_one_layout (HANDLED sizes)
0x22	C2S	UnstackItems	items/inventory-moves.md §7	size=5 handler===5 item:u32@1 kind=handler gate=alive	consumer: crates/d2-sim/src/items/moves/handlers.rs:60 unstack_items(u32@1)	crates/d2-proto/src/generated.rs:1208 client::UnstackItems encode/decode	crates/d2-server/src/adapters/handlers/items/moves.rs:330 handle -> d2-sim items/moves/handlers.rs:60	-	-	added: crates/d2-client/src/bridge/msg/tests_proto_e.rs::every_handler_id_exact_size_is_the_tsv_size_one_layout (size); crates/d2-client/src/bridge/msg/tests_proto_e.rs::item_moves_0x16_to_0x63_one_layout (HANDLED sizes)
0x23	C2S	ItemToBelt	items/inventory-moves.md §7	size=9 handler===9 item:u32@1 slot:u32@5 kind=handler gate=alive	consumer: crates/d2-sim/src/items/moves/handlers.rs:60 item_to_belt(u32@1,5)	crates/d2-proto/src/generated.rs:1239 client::ItemToBelt encode/decode	crates/d2-server/src/adapters/handlers/items/moves.rs:330 handle -> d2-sim items/moves/handlers.rs:60	crates/d2-client/src/ui/panels/control/belt.rs:540 msg_u32s; bridge/items.rs:279 to_belt	-	added: crates/d2-client/src/bridge/msg/tests_proto_e.rs::belt_0x23_0x24_0x25_one_layout
0x24	C2S	ItemFromBelt	items/inventory-moves.md §7	size=5 handler===5 item:u32@1 kind=handler gate=alive	consumer: crates/d2-sim/src/items/moves/handlers.rs:60 item_from_belt(u32@1)	crates/d2-proto/src/generated.rs:1274 client::ItemFromBelt encode/decode	crates/d2-server/src/adapters/handlers/items/moves.rs:330 handle -> d2-sim items/moves/handlers.rs:60	crates/d2-client/src/ui/panels/control/belt.rs:549 msg_u32s	-	added: crates/d2-client/src/bridge/msg/tests_proto_e.rs::belt_0x23_0x24_0x25_one_layout
0x25	C2S	SwitchBeltItem	items/inventory-moves.md §7	size=9 handler===9 cursor:u32@1 belt:u32@5 kind=handler gate=alive	consumer: crates/d2-sim/src/items/moves/handlers.rs:60 switch_belt_item(u32@1,5)	crates/d2-proto/src/generated.rs:1305 client::SwitchBeltItem encode/decode	crates/d2-server/src/adapters/handlers/items/moves.rs:330 handle -> d2-sim items/moves/handlers.rs:60	crates/d2-client/src/ui/panels/control/belt.rs:538 msg_u32s	-	added: crates/d2-client/src/bridge/msg/tests_proto_e.rs::belt_0x23_0x24_0x25_one_layout
0x26	C2S	UseBeltItem	items/inventory-moves.md §7	size=13 handler===13 item:u32@1 on_merc:u32@5 kind=handler gate=alive	consumer: crates/d2-sim/src/items/moves/handlers.rs:60 use_belt_item(u32@1, on_merc u32@5)	crates/d2-proto/src/generated.rs:1340 client::UseBeltItem encode/decode	crates/d2-server/src/adapters/handlers/items/moves.rs:330 handle -> d2-sim items/moves/handlers.rs:60	crates/d2-client/src/bridge/belt.rs:57 key_message (proto UseBeltItem, u32@5 := shift 0/0x8000)	TSV names u32@5 on_merc; ui/controls.md §7 r3 calls it shift (0 / 0x8000): same field	added: crates/d2-client/src/bridge/msg/tests_proto_e.rs::every_handler_id_exact_size_is_the_tsv_size_one_layout (size); crates/d2-client/src/bridge/msg/tests_proto_e.rs::item_moves_0x16_to_0x63_one_layout (HANDLED sizes)
0x27	C2S	UseItemAction	items/inventory-moves.md §7	size=9 handler===9 target:u32@1 used:u32@5 kind=handler gate=alive	consumer: crates/d2-sim/src/items/moves/handlers.rs:60 use_item_action(u32@1,5)	crates/d2-proto/src/generated.rs:1375 client::UseItemAction encode/decode	crates/d2-server/src/adapters/handlers/items/moves.rs:330 handle -> d2-sim items/moves/handlers.rs:60	crates/d2-client/src/controls/click.rs:554 send_u32 (g,g); ui/panels/inv_items.rs:473 target_used (proto)	-	added: crates/d2-client/src/bridge/msg/tests_proto_e.rs::every_handler_id_exact_size_is_the_tsv_size_one_layout (size); crates/d2-client/src/bridge/msg/tests_proto_e.rs::item_moves_0x16_to_0x63_one_layout (HANDLED sizes)
0x28	C2S	SocketItem	items/inventory-moves.md §7	size=9 handler===9 socketable:u32@1 target:u32@5 kind=handler gate=alive	consumer: crates/d2-sim/src/items/moves/handlers.rs:60 socket_item(u32@1,5)	crates/d2-proto/src/generated.rs:1410 client::SocketItem encode/decode	crates/d2-server/src/adapters/handlers/items/moves.rs:330 handle -> d2-sim items/moves/handlers.rs:60	crates/d2-client/src/ui/panels/inv_items.rs:475/567 socket_intent (proto SocketItem)	-	added: crates/d2-client/src/bridge/msg/tests_proto_e.rs::every_handler_id_exact_size_is_the_tsv_size_one_layout (size); crates/d2-client/src/bridge/msg/tests_proto_e.rs::item_moves_0x16_to_0x63_one_layout (HANDLED sizes)
0x29	C2S	ScrollToBook	items/inventory-moves.md §7	size=9 handler===9 scroll:u32@1 book:u32@5 kind=handler gate=alive	consumer: crates/d2-sim/src/items/moves/handlers.rs:60 scroll_to_book(u32@1,5)	crates/d2-proto/src/generated.rs:1445 client::ScrollToBook encode/decode	crates/d2-server/src/adapters/handlers/items/moves.rs:330 handle -> d2-sim items/moves/handlers.rs:60	-	-	added: crates/d2-client/src/bridge/msg/tests_proto_e.rs::every_handler_id_exact_size_is_the_tsv_size_one_layout (size); crates/d2-client/src/bridge/msg/tests_proto_e.rs::item_moves_0x16_to_0x63_one_layout (HANDLED sizes)
0x2A	C2S	ItemToCube	world/cube.md §2	size=9 handler===9 item:u32@1 cube:u32@5 kind=handler gate=alive	consumer: crates/d2-sim/src/world/cube.rs:1381 put_in (u32@1,u32@5)	crates/d2-proto/src/generated.rs:1480 client::ItemToCube encode/decode	crates/d2-server/src/adapters/handlers/items.rs:227 handle	- (no client sender found; cube drop goes by 0x18 page 3)	-	added: crates/d2-client/src/bridge/msg/tests_proto_e.rs::every_handler_id_exact_size_is_the_tsv_size_one_layout
0x2B	C2S	-	intents-events.md §2.3 r2	size=0 handler=-  kind=none gate=-	-	- (no typed message: size 0 / no layout fields)	crates/d2-server/src/dispatch.rs:210 dispatch (gate 62, kind 51, check_size 257) (Kind::None -> Malformed)	-	never queued (size 0)	existing: crates/d2-server/src/tests/messages.rs (kind/gate table)
0x2C	C2S	Unused2C	intents-events.md §2.4 r2	size=0 handler=-  kind=stub3 gate=alive	-	- (no typed message: size 0 / no layout fields)	crates/d2-server/src/dispatch.rs:210 dispatch (gate 62, kind 51, check_size 257) (Stub3 -> Malformed, after the gate)	-	-	existing: crates/d2-server/src/tests/gaps.rs:390
0x2D	C2S	Unused2D	intents-events.md §2.4 r2	size=1 handler=-  kind=stub3 gate=alive	-	crates/d2-proto/src/generated.rs:1515 client::Unused2D encode/decode	crates/d2-server/src/dispatch.rs:210 dispatch (gate 62, kind 51, check_size 257) (Stub3 -> Malformed, after the gate)	-	-	existing: crates/d2-server/src/tests/gaps.rs:390
0x2E	C2S	Unused2E	intents-events.md §2.4 r2, §2.1 r8	size=3 handler=-  kind=stub0 gate=alive	-	- (no typed message: size 0 / no layout fields)	crates/d2-server/src/dispatch.rs:210 dispatch (gate 62, kind 51, check_size 257) (Stub0 -> Done)	- (1.14d never sends it)	-	existing: crates/d2-server/src/tests/gaps.rs:390
0x2F	C2S	InitEntityChat	world/npc.md §3	size=9 handler===9 id:u32@5 kind=handler gate=alive	consumer: crates/d2-sim/src/world/npc.rs:701 chat_open (id u32@5 via chat_npc)	crates/d2-proto/src/generated.rs:1540 client::InitEntityChat encode/decode	crates/d2-server/src/adapters/handlers/world.rs:504 handle NpcRun 582	crates/d2-client/src/ui/panels/npc.rs:294 msg_chat_start; bridge/msg/ui_npc.rs:56 (type@1, guid@5)	u32@1 = unit type (unread by server)	added: crates/d2-client/src/bridge/msg/tests_proto_e.rs::npc_talk_0x2f_0x30_0x31_one_layout
0x30	C2S	TerminateEntityChat	world/npc.md §3; client/model.md §17 r1 step 5	size=9 handler===9 id:u32@5 kind=handler gate=alive	consumer: crates/d2-sim/src/world/npc.rs:720 chat_close (id u32@5)	crates/d2-proto/src/generated.rs:1571 client::TerminateEntityChat encode/decode	crates/d2-server/src/adapters/handlers/world.rs:504 handle NpcRun 584	crates/d2-client/src/ui/panels/npc.rs:302 msg_chat_end ([1][G]); npc.rs:299 (a4&0xFF); ui/messages/dialog.rs:471,561; ui/messages/intro.rs:359; bridge/chat_end.rs:21; ui/panels/shop.rs:269 + ui/shop_ui.rs:657 (msg_chat_end since q-proto-audit)	fixed in q-proto-audit: shop close wrote u32@1=0, E(G) writes 1 (server never reads @1)	added: crates/d2-client/src/bridge/msg/tests_proto_e.rs::npc_talk_0x2f_0x30_0x31_one_layout; added: crates/d2-client/src/bridge/msg/tests_proto_e.rs::shop_close_0x30_one_layout
0x31	C2S	QuestMessage	world/quests.md §7.3; ui/messages.md §7 r8	size=9 handler===9 npc:u32@1 msg:u16@5 kind=handler gate=alive	consumer: crates/d2-sim/src/world/quests.rs:1975 quest_message (npc u32@1, msg u16@5)	crates/d2-proto/src/generated.rs:1602 client::QuestMessage encode/decode	crates/d2-server/src/adapters/handlers/world.rs:504 handle QuestRun 707	crates/d2-client/src/ui/panels/npc.rs:306 msg_quest; ui/messages/dialog.rs:498 msg_u32s [0xFFFFFFFF][id]	client writes msg zero-extended u32@5; server reads u16@5 (bytes 7-8 0)	added: crates/d2-client/src/bridge/msg/tests_proto_e.rs::npc_talk_0x2f_0x30_0x31_one_layout
0x32	C2S	BuyItem	world/vendors.md §7.1; ui/menus.md §4.3	size=17 handler===17 npc:u32@1 item:u32@5 transaction:u32@9 client_price:u32@13 kind=handler gate=alive	consumer: crates/d2-sim/src/world/vendors/trade.rs:181 BuyMsg::parse (txn = u32@9 & 0xFFFF, fill bit31)	crates/d2-proto/src/generated.rs:1637 client::BuyItem encode/decode	crates/d2-server/src/adapters/handlers/world.rs:504 handle VendorRun 628	crates/d2-client/src/ui/panels/shop.rs:561 msg_u32s (u32@9 = mode<<16 | 2 gamble | 0x80000000 fill)	client bits 16-30 = item mode, server ignores them (spec says so)	added: crates/d2-client/src/bridge/msg/tests_proto_e.rs::shop_0x32_0x33_0x35_one_layout
0x33	C2S	SellItem	world/vendors.md §7.2; ui/menus.md §4.3	size=17 handler===17 npc:u32@1 item:u32@5 item_mode:u16@9 client_price:u32@13 kind=handler gate=alive	consumer: crates/d2-sim/src/world/vendors/trade.rs:381 SellMsg::parse (mode u16@9)	crates/d2-proto/src/generated.rs:1680 client::SellItem encode/decode	crates/d2-server/src/adapters/handlers/world.rs:504 handle VendorRun 635	crates/d2-client/src/ui/panels/shop.rs:561 msg_u32s (u32@9 = mode)	-	added: crates/d2-client/src/bridge/msg/tests_proto_e.rs::shop_0x32_0x33_0x35_one_layout
0x34	C2S	IdentifyWithNpc	world/npc.md §6	size=5 handler===5 npc:u32@1 kind=handler gate=alive	consumer: crates/d2-sim/src/world/npc.rs:833 identify (npc u32@1)	crates/d2-proto/src/generated.rs:1723 client::IdentifyWithNpc encode/decode	crates/d2-server/src/adapters/handlers/world.rs:504 handle NpcRun 585	crates/d2-client/src/ui/panels/npc.rs:185 IdentifyWithNpc (proto)	-	added: crates/d2-client/src/bridge/msg/tests_proto_e.rs::every_handler_id_exact_size_is_the_tsv_size_one_layout
0x35	C2S	Repair	world/vendors.md §8.1; ui/menus.md §4.3	size=17 handler===17 npc:u32@1 item:u32@5 unread:u16@9 repair_flags:u32@13 kind=handler gate=alive	consumer: crates/d2-sim/src/world/vendors/trade.rs:537 RepairMsg::parse (all = u32@13 bit31)	crates/d2-proto/src/generated.rs:1754 client::Repair encode/decode	crates/d2-server/src/adapters/handlers/world.rs:504 handle VendorRun 644	crates/d2-client/src/ui/panels/shop.rs:561 msg_u32s (one: [m][durability]; all: GUID 0, [0][0x80000000])	-	added: crates/d2-client/src/bridge/msg/tests_proto_e.rs::shop_0x32_0x33_0x35_one_layout
0x36	C2S	HireMerc	world/npc.md §7.3; ui/menus.md §3	size=9 handler===9 npc:u32@1 merc:u16@5 kind=handler gate=alive	consumer: crates/d2-sim/src/world/npc/hire.rs:271 hire (npc u32@1, name u16@5)	crates/d2-proto/src/generated.rs:1797 client::HireMerc encode/decode	crates/d2-server/src/adapters/handlers/world.rs:504 handle NpcRun 586	crates/d2-client/src/ui/hire_list.rs:284 hire_intent; ui/panels/npc_menu.rs:511 msg_u32s	-	added: crates/d2-client/src/bridge/msg/tests_proto_e.rs::hire_0x36_one_layout
0x37	C2S	IdentifyGamble	world/vendors.md §5.3	size=5 handler===5 item:u32@1 kind=handler gate=alive	consumer: crates/d2-sim/src/world/vendors/gamble.rs:159 identify_gamble	crates/d2-proto/src/generated.rs:1832 client::IdentifyGamble encode/decode	crates/d2-server/src/adapters/handlers/world.rs:504 handle VendorRun 651	- (no client sender found)	-	added: crates/d2-client/src/bridge/msg/tests_proto_e.rs::every_handler_id_exact_size_is_the_tsv_size_one_layout
0x38	C2S	EntityAction	world/npc.md §4	size=13 handler===13 action:u32@1 npc:u32@5 item:u32@9 kind=handler gate=alive	consumer: crates/d2-sim/src/world/npc.rs:750 menu_action (action u32@1, npc u32@5, item u32@9)	crates/d2-proto/src/generated.rs:1863 client::EntityAction encode/decode	crates/d2-server/src/adapters/handlers/world.rs:504 handle NpcRun 587	crates/d2-client/src/ui/panels/npc.rs:173, npc_menu.rs:197, imbue_ui.rs:138 (proto EntityAction); ui/messages/socket.rs:559 msg_u32s [0][npc][item]	-	added: crates/d2-client/src/bridge/msg/tests_proto_e.rs::every_handler_id_exact_size_is_the_tsv_size_one_layout
0x39	C2S	PurchaseLife	intents-events.md §2.4 r2	size=5 handler=-  kind=stub3 gate=alive	-	- (no typed message: size 0 / no layout fields)	crates/d2-server/src/dispatch.rs:210 dispatch (gate 62, kind 51, check_size 257) (Stub3 -> Malformed, after the gate)	-	-	existing: crates/d2-server/src/tests/gaps.rs:390
0x3A	C2S	AddStatPoint	combat/vitals.md §2	size=3 handler===3 stat:u8@1 repeat:u8@2 kind=handler gate=alive	consumer: crates/d2-sim/src/combat/vitals/mod.rs:229 handle_add_stat_point (m[1], m[2])	crates/d2-proto/src/generated.rs:1902 client::AddStatPoint encode/decode	crates/d2-server/src/adapters/handlers/skills/wired.rs:78 (skills/mod.rs:241 handle)	crates/d2-client/src/ui/panels/character.rs:421 add_stat_point (proto)	-	added: crates/d2-client/src/bridge/msg/tests_proto_e.rs::add_stat_point_0x3a_one_layout
0x3B	C2S	AddSkillPoint	skills/levels.md §6.4	size=3 handler===3 skill:u16@1 kind=handler gate=alive	consumer: crates/d2-server/src/adapters/handlers/skills/wired.rs:104 add_skill_point (u16@1)	crates/d2-proto/src/generated.rs:1937 client::AddSkillPoint encode/decode	crates/d2-server/src/adapters/handlers/skills/wired.rs:78 (skills/mod.rs:241 handle)	crates/d2-client/src/ui/panels/skilltree.rs:474 AddSkillPoint (proto)	-	added: crates/d2-client/src/bridge/msg/tests_proto_e.rs::every_handler_id_exact_size_is_the_tsv_size_one_layout
0x3C	C2S	SelectSkill	intents-events.md §2.4 r7; skills/use.md §7	size=9 handler===9 skill:u31@1 left:bit31@1 item:u32@5 kind=handler gate=none	consumer: crates/d2-sim/src/skills/use_/mod.rs:1284 select_skill (u32@1 bits 0-30 / 31, owner i32@5)	crates/d2-proto/src/generated.rs:1968 client::SelectSkill encode/decode	crates/d2-server/src/dispatch.rs:129 select_skill; crates/d2-server/src/adapters/handlers/skills/wired.rs:78 (skills/mod.rs:241 handle)	crates/d2-client/src/ui/hud.rs:535, ui/panels/skilltree.rs:373 (proto SelectSkill, item = u32::MAX)	gate none (dead player too)	added: crates/d2-client/src/bridge/msg/tests_proto_e.rs::select_skill_0x3c_bind_hotkey_0x51_one_layout
0x3D	C2S	HighlightDoor	intents-events.md §9	size=5 handler===5 id:u32@1 kind=handler gate=alive	-	crates/d2-proto/src/generated.rs:2007 client::HighlightDoor encode/decode	crates/d2-server/src/adapters/handlers/player.rs:411 run (size_ok 397) highlight_door 480 (id u32@1)	- (no client sender found)	-	added: crates/d2-client/src/bridge/msg/tests_proto_e.rs::every_handler_id_exact_size_is_the_tsv_size_one_layout
0x3E	C2S	ActivateInifussScroll	world/quests.md §9.4	size=5 handler===5 item:u32@1 kind=handler gate=alive	-	crates/d2-proto/src/generated.rs:2038 client::ActivateInifussScroll encode/decode	crates/d2-server/src/adapters/handlers/world.rs:504 handle (Status::NoOwner -> stub)	crates/d2-client/src/ui/messages/hire.rs:187 InifussScroll::open_bkd msg_u32s	client sends, server stub: no quest effect	added: crates/d2-client/src/bridge/msg/tests_proto_e.rs::small_senders_0x3e_0x44_0x49_0x4c_one_layout
0x3F	C2S	PlayAudio	intents-events.md §9	size=3 handler===3 sound:u16@1 kind=handler gate=alive	-	crates/d2-proto/src/generated.rs:2069 client::PlayAudio encode/decode	crates/d2-server/src/adapters/handlers/player.rs:411 run (size_ok 397) play_audio 490 (u16@1)	- (no client sender found)	-	added: crates/d2-client/src/bridge/msg/tests_proto_e.rs::every_handler_id_exact_size_is_the_tsv_size_one_layout
0x40	C2S	RequestQuestData	world/quests.md §6.2	size=1 handler===1  kind=handler gate=alive	consumer: d2-sim QuestControl::request_quest_data	crates/d2-proto/src/generated.rs:2100 client::RequestQuestData encode/decode	crates/d2-server/src/adapters/handlers/world.rs:504 handle QuestRun 710	crates/d2-client/src/ui/quest_log_ui.rs:35 request_quest_data	-	added: crates/d2-client/src/bridge/msg/tests_proto_e.rs::quest_data_0x40_resurrect_0x41_one_layout
0x41	C2S	Resurrect	intents-events.md §2.3 r3, §9 r6	size=1 handler===1  kind=handler gate=dead	-	crates/d2-proto/src/generated.rs:2125 client::Resurrect encode/decode	crates/d2-server/src/adapters/handlers/player.rs:411 run (size_ok 397) resurrect 503; dispatch gate dead	crates/d2-client/src/app/death.rs:27 RESURRECT (app/death.rs:91 send)	-	added: crates/d2-client/src/bridge/msg/tests_proto_e.rs::quest_data_0x40_resurrect_0x41_one_layout
0x42	C2S	Unused42	intents-events.md §2.4 r2, §2.1 r8	size=1 handler=-  kind=stub0 gate=alive	-	crates/d2-proto/src/generated.rs:2150 client::Unused42 encode/decode	crates/d2-server/src/dispatch.rs:210 dispatch (gate 62, kind 51, check_size 257) (Stub0 -> Done)	- (1.14d never sends it)	-	existing: crates/d2-server/src/tests/gaps.rs:390
0x43	C2S	Unused43	intents-events.md §2.4 r2, §2.1 r8	size=1 handler=-  kind=stub0 gate=none	-	crates/d2-proto/src/generated.rs:2175 client::Unused43 encode/decode	crates/d2-server/src/dispatch.rs:210 dispatch (gate 62, kind 51, check_size 257) (Stub0 -> Done)	- (1.14d never sends it)	-	existing: crates/d2-server/src/tests/gaps.rs:390
0x44	C2S	StaffInOrifice	intents-events.md §9 r7	size=17 handler===17 orifice:u32@5 item:u32@9 action:u16@13 kind=handler gate=alive	-	crates/d2-proto/src/generated.rs:2200 client::StaffInOrifice encode/decode	crates/d2-server/src/adapters/handlers/player.rs:411 run (size_ok 397) staff_in_orifice 541 (u32@5, u32@9, u16@13); body None -> stub	crates/d2-client/src/ui/messages/socket.rs:285,554,581 msg_u32s [player][object][item][action]	u32@1 = player GUID (unread)	added: crates/d2-client/src/bridge/msg/tests_proto_e.rs::small_senders_0x3e_0x44_0x49_0x4c_one_layout
0x45	C2S	ChangeTpLocation	intents-events.md §2.4 r2	size=9 handler=-  kind=stub3 gate=alive	-	- (no typed message: size 0 / no layout fields)	crates/d2-server/src/dispatch.rs:210 dispatch (gate 62, kind 51, check_size 257) (Stub3 -> Malformed, after the gate)	-	-	existing: crates/d2-server/src/tests/gaps.rs:390
0x46	C2S	MercInteract	intents-events.md §9 r8	size=13 handler===13 merc:u32@1 id:u32@5 type:u32@9 kind=handler gate=alive	-	crates/d2-proto/src/generated.rs:2239 client::MercInteract encode/decode	crates/d2-server/src/adapters/handlers/player.rs:411 run (size_ok 397) merc_interact 575 (u32@1,5,9)	- (no client sender)	-	added: crates/d2-client/src/bridge/msg/tests_proto_e.rs::every_handler_id_exact_size_is_the_tsv_size_one_layout
0x47	C2S	MoveMerc	intents-events.md §9 r8	size=13 handler===13 merc:u32@1 x:u16@5 y:u16@9 kind=handler gate=alive	-	crates/d2-proto/src/generated.rs:2278 client::MoveMerc encode/decode	crates/d2-server/src/adapters/handlers/player.rs:411 run (size_ok 397) move_merc 592 (merc u32@1, x u16@5, y u16@9)	- (no client sender)	-	added: crates/d2-client/src/bridge/msg/tests_proto_e.rs::every_handler_id_exact_size_is_the_tsv_size_one_layout
0x48	C2S	TurnOffBusyState	intents-events.md §9	size=1 handler===1  kind=handler gate=alive	-	crates/d2-proto/src/generated.rs:2317 client::TurnOffBusyState encode/decode	crates/d2-server/src/adapters/handlers/player.rs:411 run (size_ok 397) turn_off_busy 603	- (no client sender)	-	added: crates/d2-client/src/bridge/msg/tests_proto_e.rs::every_handler_id_exact_size_is_the_tsv_size_one_layout
0x49	C2S	TakeOrCloseWp	world/waypoints.md §6	size=9 handler===9 wp:u32@1 level:u16@5 kind=handler gate=alive	consumer: crates/d2-sim/src/world/waypoints.rs:543 take_or_close (wp u32@1, level u16@5)	crates/d2-proto/src/generated.rs:2342 client::TakeOrCloseWp encode/decode	crates/d2-server/src/adapters/handlers/world.rs:504 handle WaypointRun 671	crates/d2-client/src/ui/panels/waypoint.rs:159 TakeOrCloseWp (proto), :549 msg_u32s [wp][level u32]	client level u32@5, server reads u16@5 (levels < 0x10000)	added: crates/d2-client/src/bridge/msg/tests_proto_e.rs::small_senders_0x3e_0x44_0x49_0x4c_one_layout
0x4A	C2S	-	intents-events.md §2.3 r2	size=0 handler=-  kind=none gate=-	-	- (no typed message: size 0 / no layout fields)	crates/d2-server/src/dispatch.rs:210 dispatch (gate 62, kind 51, check_size 257) (Kind::None -> Malformed)	-	never queued (size 0)	existing: crates/d2-server/src/tests/messages.rs (kind/gate table)
0x4B	C2S	RequestEntityUpdate	client/model.md §5 r5; intents-events.md §9	size=9 handler===9 type:u32@1 id:u32@5 kind=handler gate=alive	-	crates/d2-proto/src/generated.rs:2377 client::RequestEntityUpdate encode/decode	crates/d2-server/src/adapters/handlers/player.rs:411 run (size_ok 397) request_entity_update 612 (u32@1, u32@5)	crates/d2-client/src/bridge/update.rs:63 (inline [type u32][guid u32])	-	added: crates/d2-client/src/bridge/msg/tests_proto_e.rs::every_handler_id_exact_size_is_the_tsv_size_one_layout
0x4C	C2S	Transmogrify	ui/controls.md §6 r8.1; world/cube.md §10	size=5 handler===5 item:u32@1 kind=handler gate=alive	-	crates/d2-proto/src/generated.rs:2412 client::Transmogrify encode/decode	crates/d2-server/src/adapters/handlers/world.rs WORLD_IDS: NoOwner (world/cube.md §10: Transmogrify, the item-use spec not written) → stub 0	crates/d2-client/src/controls/click.rs:556 send_u32; ui/panels/control/input.rs:143 msg_u32s ([-1])	client sends, server stub	added: crates/d2-client/src/bridge/msg/tests_proto_e.rs::small_senders_0x3e_0x44_0x49_0x4c_one_layout
0x4D	C2S	PlayNpcMessage	intents-events.md §9 r11	size=3 handler===3 npc_class:u16@1 kind=handler gate=alive	-	crates/d2-proto/src/generated.rs:2443 client::PlayNpcMessage encode/decode	crates/d2-server/src/adapters/handlers/player.rs:411 run (size_ok 397) play_npc_message 633 (u16@1)	crates/d2-client/src/ui/messages/intro.rs:251 (inline [0x4D][class lo][class hi])	-	added: crates/d2-client/src/bridge/msg/tests_proto_e.rs::every_handler_id_exact_size_is_the_tsv_size_one_layout
0x4E	C2S	-	intents-events.md §2.3 r2	size=0 handler=-  kind=none gate=-	-	- (no typed message: size 0 / no layout fields)	crates/d2-server/src/dispatch.rs:210 dispatch (gate 62, kind 51, check_size 257) (Kind::None -> Malformed)	-	never queued (size 0)	existing: crates/d2-server/src/tests/messages.rs (kind/gate table)
0x4F	C2S	ClickButton	world/vendors-2.md §10.1; world/cube.md §1	size=7 handler===7 button:u16@1 p1:u16@3 p2:u16@5 kind=handler gate=alive	consumer: crates/d2-sim/src/world/stash.rs:97 button_value((p1<<16)|p2); world/cube.rs:1342 click_button	crates/d2-proto/src/generated.rs:2474 client::ClickButton encode/decode	crates/d2-server/src/adapters/handlers/items.rs:288 (button u16@1, p1 u16@3, p2 u16@5)	crates/d2-client/src/ui/gold_dialog.rs:124, ui/panels/stash_cube.rs:55 (proto ClickButton)	-	added: crates/d2-client/src/bridge/msg/tests_proto_e.rs::every_handler_id_exact_size_is_the_tsv_size_one_layout
0x50	C2S	DropGold	items/inventory-moves.md §7	size=9 handler===9 unit:u32@1 amount:u32@5 kind=handler gate=alive	consumer: crates/d2-sim/src/items/moves/handlers.rs:60 drop_gold(u32@1,5)	crates/d2-proto/src/generated.rs:2513 client::DropGold encode/decode	crates/d2-server/src/adapters/handlers/items/moves.rs:330 handle -> d2-sim items/moves/handlers.rs:60	crates/d2-client/src/ui/gold_dialog.rs:116 DropGold (proto)	-	added: crates/d2-client/src/bridge/msg/tests_proto_e.rs::every_handler_id_exact_size_is_the_tsv_size_one_layout (size); crates/d2-client/src/bridge/msg/tests_proto_e.rs::item_moves_0x16_to_0x63_one_layout (HANDLED sizes)
0x51	C2S	BindHotkey	intents-events.md §2.4 r7, §9 r12	size=9 handler===9 skill:u15@1 left:bit15@1 slot:u16@3 item:u32@5 kind=handler gate=alive	-	crates/d2-proto/src/generated.rs:2548 client::BindHotkey encode/decode	crates/d2-server/src/dispatch.rs:139 bind_hotkey; crates/d2-server/src/adapters/handlers/player.rs:411 run (size_ok 397) bind_hotkey 645	- (no client sender)	-	added: crates/d2-client/src/bridge/msg/tests_proto_e.rs::select_skill_0x3c_bind_hotkey_0x51_one_layout
0x52	C2S	Unused52	intents-events.md §2.4 r2	size=5 handler=-  kind=stub3 gate=alive	-	- (no typed message: size 0 / no layout fields)	crates/d2-server/src/dispatch.rs:210 dispatch (gate 62, kind 51, check_size 257) (Stub3 -> Malformed, after the gate)	-	-	existing: crates/d2-server/src/tests/gaps.rs:390
0x53	C2S	StaminaOn	intents-events.md §9	size=1 handler===1  kind=handler gate=alive	-	crates/d2-proto/src/generated.rs:2591 client::StaminaOn encode/decode	crates/d2-server/src/adapters/handlers/player.rs:411 run (size_ok 397) stamina_on 676	- (no client sender found; run toggle is client-side mods)	-	added: crates/d2-client/src/bridge/msg/tests_proto_e.rs::every_handler_id_exact_size_is_the_tsv_size_one_layout
0x54	C2S	StaminaOff	intents-events.md §9	size=1 handler===1  kind=handler gate=alive	-	crates/d2-proto/src/generated.rs:2616 client::StaminaOff encode/decode	crates/d2-server/src/adapters/handlers/player.rs:411 run (size_ok 397) stamina_off 684	- (no client sender found; run toggle is client-side mods)	-	added: crates/d2-client/src/bridge/msg/tests_proto_e.rs::every_handler_id_exact_size_is_the_tsv_size_one_layout
0x55	C2S	-	intents-events.md §2.3 r2	size=0 handler=-  kind=none gate=-	-	- (no typed message: size 0 / no layout fields)	crates/d2-server/src/dispatch.rs:210 dispatch (gate 62, kind 51, check_size 257) (Kind::None -> Malformed)	-	never queued (size 0)	existing: crates/d2-server/src/tests/messages.rs (kind/gate table)
0x56	C2S	-	intents-events.md §2.3 r2	size=0 handler=-  kind=none gate=-	-	- (no typed message: size 0 / no layout fields)	crates/d2-server/src/dispatch.rs:210 dispatch (gate 62, kind 51, check_size 257) (Kind::None -> Malformed)	-	never queued (size 0)	existing: crates/d2-server/src/tests/messages.rs (kind/gate table)
0x57	C2S	-	intents-events.md §2.3 r2	size=0 handler=-  kind=none gate=-	-	- (no typed message: size 0 / no layout fields)	crates/d2-server/src/dispatch.rs:210 dispatch (gate 62, kind 51, check_size 257) (Kind::None -> Malformed)	-	never queued (size 0)	existing: crates/d2-server/src/tests/messages.rs (kind/gate table)
0x58	C2S	QuestCompleted	world/quests.md §1.7	size=3 handler===3 quest:u16@1 kind=handler gate=alive	consumer: crates/d2-sim/src/world/quests.rs:1998 quest_completed (u16@1)	crates/d2-proto/src/generated.rs:2641 client::QuestCompleted encode/decode	crates/d2-server/src/adapters/handlers/world.rs:504 handle QuestRun 714	- (no client sender found)	-	added: crates/d2-client/src/bridge/msg/tests_proto_e.rs::every_handler_id_exact_size_is_the_tsv_size_one_layout
0x59	C2S	MakeEntityMove	monsters/ai-bodies.md §9.9 (entry not written)	size=17 handler===17 type:u32@1 id:u32@5 x:u32@9 y:u32@13 kind=handler gate=alive	-	crates/d2-proto/src/generated.rs:2672 client::MakeEntityMove encode/decode	crates/d2-server/src/adapters/handlers/world.rs:504 handle (NoOwner -> stub)	crates/d2-client/src/controls/click.rs:972 (inline [type][guid][x u32][y u32])	client sends, server stub	added: crates/d2-client/src/bridge/msg/tests_proto_e.rs::every_handler_id_exact_size_is_the_tsv_size_one_layout
0x5A	C2S	-	intents-events.md §2.3 r2	size=0 handler=-  kind=none gate=-	-	- (no typed message: size 0 / no layout fields)	crates/d2-server/src/dispatch.rs:210 dispatch (gate 62, kind 51, check_size 257) (Kind::None -> Malformed)	-	never queued (size 0)	existing: crates/d2-server/src/tests/messages.rs (kind/gate table)
0x5B	C2S	-	intents-events.md §2.3 r2	size=0 handler=-  kind=none gate=-	-	- (no typed message: size 0 / no layout fields)	crates/d2-server/src/dispatch.rs:210 dispatch (gate 62, kind 51, check_size 257) (Kind::None -> Malformed)	-	never queued (size 0)	existing: crates/d2-server/src/tests/messages.rs (kind/gate table)
0x5C	C2S	-	intents-events.md §2.3 r2	size=0 handler=-  kind=none gate=-	-	- (no typed message: size 0 / no layout fields)	crates/d2-server/src/dispatch.rs:210 dispatch (gate 62, kind 51, check_size 257) (Kind::None -> Malformed)	-	never queued (size 0)	existing: crates/d2-server/src/tests/messages.rs (kind/gate table)
0x5D	C2S	SquelchHostile	intents-events.md §4 r4 (out of scope)	size=7 handler===7 type:u8@1 toggle:u8@2 player:u32@3 kind=handler gate=alive	-	crates/d2-proto/src/generated.rs:2715 client::SquelchHostile encode/decode	crates/d2-server/src/dispatch.rs:210 dispatch (gate 62, kind 51, check_size 257) (handler kind; no sim handler -> stub)	-	-	existing: crates/d2-server/src/tests/gaps.rs out_of_scope_rows
0x5E	C2S	PartyAction	intents-events.md §4 r4 (out of scope)	size=6 handler===6 type:u8@1 player:u32@2 kind=handler gate=alive	-	crates/d2-proto/src/generated.rs:2754 client::PartyAction encode/decode	crates/d2-server/src/dispatch.rs:210 dispatch (gate 62, kind 51, check_size 257) (handler kind; no sim handler -> stub)	-	-	existing: crates/d2-server/src/tests/gaps.rs out_of_scope_rows
0x5F	C2S	UpdatePlayerPos	sim/pathing.md §1.6; client/model.md §6 r8	size=5 handler===5 x:u16@1 y:u16@3 kind=handler gate=alive	consumer: crates/d2-sim/src/path/walk/resync.rs:98 handle_resync (u16@1, u16@3)	crates/d2-proto/src/generated.rs:2789 client::UpdatePlayerPos encode/decode	crates/d2-server/src/dispatch.rs:210 dispatch (gate 62, kind 51, check_size 257) (not point-parsed); crates/d2-server/src/adapters/handlers/walk.rs:128 handle (RESYNC_ID) / player.rs	crates/d2-client/src/bridge/check.rs:183 (inline [x u16][y u16] = unit cell)	not sent while the preview predicts (REC-277c)	added: crates/d2-client/src/bridge/msg/tests_proto_e.rs::resync_0x5f_one_layout
0x60	C2S	SwapWeapons	intents-events.md §2.4 r8; OQ16	size=1 handler===1  kind=handler gate=alive	-	crates/d2-proto/src/generated.rs:2824 client::SwapWeapons encode/decode	crates/d2-server/src/adapters/handlers/player.rs:411 run (size_ok 397) swap_weapons 692; handlers/items/moves.rs:283 SWAP_WEAPONS	crates/d2-client/src/world_view/swap_key.rs:22 SwapWeapons (proto)	-	added: crates/d2-client/src/bridge/msg/tests_proto_e.rs::every_handler_id_exact_size_is_the_tsv_size_one_layout
0x61	C2S	MercItem	items/inventory-moves.md §7	size=3 handler===3 bodyloc:u16@1 kind=handler gate=alive	consumer: crates/d2-sim/src/items/moves/handlers.rs:60 merc_item(u16@1)	crates/d2-proto/src/generated.rs:2849 client::MercItem encode/decode	crates/d2-server/src/adapters/handlers/items/moves.rs:330 handle -> d2-sim items/moves/handlers.rs:60	-	-	added: crates/d2-client/src/bridge/msg/tests_proto_e.rs::every_handler_id_exact_size_is_the_tsv_size_one_layout (size); crates/d2-client/src/bridge/msg/tests_proto_e.rs::item_moves_0x16_to_0x63_one_layout (HANDLED sizes)
0x62	C2S	ResurrectMerc	world/npc.md §7.4	size=5 handler===5 npc:u32@1 kind=handler gate=alive	consumer: crates/d2-sim/src/world/npc/hire.rs:389 resurrect (npc u32@1)	crates/d2-proto/src/generated.rs:2880 client::ResurrectMerc encode/decode	crates/d2-server/src/adapters/handlers/world.rs:504 handle NpcRun 588	crates/d2-client/src/ui/panels/npc.rs:186 ResurrectMerc (proto)	-	added: crates/d2-client/src/bridge/msg/tests_proto_e.rs::every_handler_id_exact_size_is_the_tsv_size_one_layout
0x63	C2S	ItemToBeltShift	items/inventory-moves.md §7	size=5 handler===5 item:u32@1 kind=handler gate=alive	consumer: crates/d2-sim/src/items/moves/handlers.rs:60 item_to_belt_shift(u32@1)	crates/d2-proto/src/generated.rs:2911 client::ItemToBeltShift encode/decode	crates/d2-server/src/adapters/handlers/items/moves.rs:330 handle -> d2-sim items/moves/handlers.rs:60	crates/d2-client/src/ui/panels/inv_items.rs:470 ItemToBeltShift (proto)	-	added: crates/d2-client/src/bridge/msg/tests_proto_e.rs::every_handler_id_exact_size_is_the_tsv_size_one_layout (size); crates/d2-client/src/bridge/msg/tests_proto_e.rs::item_moves_0x16_to_0x63_one_layout (HANDLED sizes)
0x64	C2S	-	intents-events.md §2.3 r2	size=0 handler=-  kind=none gate=-	-	- (no typed message: size 0 / no layout fields)	crates/d2-server/src/dispatch.rs:210 dispatch (gate 62, kind 51, check_size 257) (Kind::None -> Malformed)	-	never queued (size 0)	existing: crates/d2-server/src/tests/messages.rs (kind/gate table)
0x65	C2S	-	intents-events.md §2.3 r2	size=0 handler=-  kind=none gate=-	-	- (no typed message: size 0 / no layout fields)	crates/d2-server/src/dispatch.rs:210 dispatch (gate 62, kind 51, check_size 257) (Kind::None -> Malformed)	-	never queued (size 0)	existing: crates/d2-server/src/tests/messages.rs (kind/gate table)
0x66	C2S	WardenResponse	intents-events.md §2.4 r2	size=u16@1+3;cap=0x1FD;min=3 handler=any len:u16@1 data@3 kind=stub0 gate=none	-	- (no typed message: size 0 / no layout fields)	crates/d2-server/src/dispatch.rs:210 dispatch (gate 62, kind 51, check_size 257) (Stub0, gate none)	-	-	existing: crates/d2-server/src/tests/gaps.rs:390
0x67	C2S	CreateGame	intents-events.md §2.5, §8.1	size=46 handler=- game_name:cstr16@1 game_type:u8@0x11 class:u8@0x12 template:u8@0x13 difficulty:u8@0x14 char_name:cstr16@0x15 arena:u16@0x25 flags:u32@0x27 unk:u8@0x2B unk:u8@0x2C locale:u8@0x2D kind=system gate=system	-	crates/d2-proto/src/generated.rs:2942 client::CreateGame encode/decode	crates/d2-server/src/adapters/session_flow.rs:291 (CreateGame::decode); host.rs:236 drain -> Intents::session_message	crates/d2-client/src/app/play.rs:144 send(CreateGame) (proto)	-	existing: crates/d2-server/src/tests/gaps.rs session_rows_go_to_the_session_code
0x68	C2S	JoinGame	intents-events.md §2.5, §4 r4	size=37 handler=- token:u32@1 game:u16@5 class:u8@7 unk:u32@8 unk:u8@0x14 char_name:cstr16@0x15 kind=system gate=system	-	crates/d2-proto/src/generated.rs:3013 client::JoinGame encode/decode	crates/d2-server/src/host.rs:236 (system queue; session code)	-	out of scope	existing: crates/d2-server/src/tests/gaps.rs out_of_scope_rows
0x69	C2S	LeaveGame	intents-events.md §2.5	size=1 handler=-  kind=system gate=system	-	crates/d2-proto/src/generated.rs:3064 client::LeaveGame encode/decode	crates/d2-server/src/host.rs:236 (system queue -> session handler)	-	-	existing: crates/d2-server/src/tests/gaps.rs session_rows_go_to_the_session_code
0x6A	C2S	Sys6A	intents-events.md §2.5	size=1 handler=-  kind=system gate=system	-	crates/d2-proto/src/generated.rs:3089 client::Sys6A encode/decode	crates/d2-server/src/host.rs:236 (system queue -> session handler)	-	-	existing: crates/d2-server/src/tests/gaps.rs session_rows_go_to_the_session_code
0x6B	C2S	Sys6B	intents-events.md §2.5, §8.2	size=1 handler=-  kind=system gate=system	-	crates/d2-proto/src/generated.rs:3114 client::Sys6B encode/decode	crates/d2-server/src/adapters/session_flow.rs:291 (CreateGame::decode); host.rs:236 drain -> Intents::session_message	crates/d2-client/src/bridge/msg/session.rs:43 (vec![0x6B], on S→C 0x02)	-	existing: crates/d2-server/src/tests/gaps.rs session_rows_go_to_the_session_code
0x6C	C2S	UploadSave	intents-events.md §2.5	size=u8@1+7;min=6 handler=- len:u8@1 total:u32@2 data@6 kind=system gate=system	-	- (no typed message: size 0 / no layout fields)	crates/d2-server/src/host.rs:236 (system queue -> session handler)	-	-	existing: crates/d2-server/src/tests/gaps.rs session_rows_go_to_the_session_code
0x6D	C2S	Ping	intents-events.md §2.5, §4 r4	size=13 handler=- tick:u32@1 value:u32@5 kind=system gate=system	-	crates/d2-proto/src/generated.rs:3139 client::Ping encode/decode	crates/d2-server/src/host.rs:236 (system queue; session code)	-	out of scope	existing: crates/d2-server/src/tests/gaps.rs out_of_scope_rows
0x6E	C2S	Sys6E	intents-events.md §2.5	size=1 handler=-  kind=system gate=system	-	crates/d2-proto/src/generated.rs:3174 client::Sys6E encode/decode	crates/d2-server/src/host.rs:236 (system queue -> session handler)	-	-	existing: crates/d2-server/src/tests/gaps.rs session_rows_go_to_the_session_code
0x6F	C2S	-	intents-events.md §2.1 r5	size=0 handler=-  kind=none gate=-	-	- (no typed message: size 0 / no layout fields)	- (size 0, never queued)	-	-	-
0x70	C2S	Sys70	intents-events.md §2.5	size=1 handler=-  kind=system gate=system	-	crates/d2-proto/src/generated.rs:3199 client::Sys70 encode/decode	crates/d2-server/src/host.rs:236 (system queue -> session handler)	-	-	existing: crates/d2-server/src/tests/gaps.rs session_rows_go_to_the_session_code
