rec	location	system	chosen	settled_by	settle_kind	data_alone_may_settle	status
REC-1361	crates/d2-client/src/app/audio_dump.rs:69	d2-client/app	PROVISIONAL(REC-1361): f64 arithmetic. pub fn device_db(x: f64, full: f64) -> i32 { if x <= 0.0001 { -10_000 } else if x >= full - 0.0001 { 0		recording	no	
REC-98	crates/d2-client/src/app/death.rs:12	d2-client/app	PROVISIONAL (M22; REC-98): no spec gives the text or the screen //! shown while dead. The preview draws one line of text, "You have //! died", with the Esc hint; the original's wording and layout are //! unverified. `// d2rs-own, unverified		binary	no	
REC-178|REC-189	crates/d2-client/src/app/front_host.rs:10	d2-client/app	PROVISIONAL (REC-178): text items are //! drawn as glyphs (REC-189); art is frame `frame` of the DC6 placed with its //! bottom-left at the control position; the sky palette is used for every //! screen; the game starts with the default cha		unstated	yes	spec-settled REC-189->q-controls-ingame,q-fe-text-widths,q-fix-controls-ingame,q-fix-create-popups,q-fix-esc-menu,q-fix-fe-buttons,q-fix-options-effects,q-options-art
REC-236	crates/d2-client/src/app/front_start.rs:15	d2-client/app	PROVISIONAL (REC-236): the events are //! derived from the model's state (0x03 act change, 0x04 in-game, 0x05 //! leaving it), not from the message stream; 0x61 videos are not seen; //! the start act (`start_act`) is reported, not yet used 		recording	no	
REC-126	crates/d2-client/src/app/hardcore.rs:20	d2-client/app	PROVISIONAL (M22; REC-126): this preview also saves when the death //! screen comes up (the DT start), so the penalties are on disk even if //! the window closes during the death animation; both asked by the app //! ([`SaveHandle`]) and wri		recording	no	
REC-101	crates/d2-client/src/app/hire_stats.rs:12	d2-client/app	PROVISIONAL is settled.		unstated	no	
REC-236	crates/d2-client/src/app/loading_overlay.rs:6	d2-client/app	PROVISIONAL (REC-236): a UI node over the //! world stands for the original's full-frame present; the frame is drawn //! as an image node, not by the sprite compositor.		recording	no	
REC-111	crates/d2-client/src/app/monster_ai.rs:10	d2-client/app	PROVISIONAL (REC-111 part 3 in `docs/HANDOFF.md` //! §7).		unstated	no	
REC-1401	crates/d2-client/src/app/npc_seams.rs:139	d2-client/app	PROVISIONAL (REC-1401): the entries go out in reverse of the order the /// quest records added them (`quests.md` §7.1 walks newest → oldest). The /// 1.14d recording `items-vendor-akara-buy` sends Akara's list as /// [64 (chain 1), 11 (chai		recording	no	
REC-245	crates/d2-client/src/app/play.rs:185	d2-client/app	PROVISIONAL REC-245). pub fn add_preview_tinted( app: &mut App, levels: Vec<LevelRow>, tiles: TileAssets, lights: Option<crate::world_view::light_sources::LightRows>,		recording	no	spec-settled REC-245->q-fix-preview-light,q-fix-state-tint
REC-420	crates/d2-client/src/app/play.rs:502	d2-client/app	PROVISIONAL REC-420, `background_view`). if let Some(mut state) = app.world_mut().get_resource_mut::<WorldViewState>() { state.background_view = Some(crate::world_view::background_view::BackgroundView::new( archives.source(), Some(crate::wo		recording	no	
REC-115	crates/d2-client/src/app/save_full.rs:5	d2-client/app	PROVISIONAL (REC-115).		binary	no	
REC-241	crates/d2-client/src/app/save_gaps.rs:8	d2-client/app	PROVISIONAL points are REC-241 in //! `docs/HANDOFF.md`: the weapon-swap pair of mouse skills has no sim //! state (C→S 0x60 is a stub) and passes through as loaded; a skill //! granted by an item is not in the sim's skill list, so a mouse 		recording	no	spec-settled REC-241->q-fix-cube-panel,q-fix-save-gaps,q-fix-stale-runeword,q-fix-weapon-switch
REC-291	crates/d2-client/src/app/single_player.rs:186	d2-client/app	PROVISIONAL (REC-291 -> q-fix-new-char-seed): 1.14d draws a fresh /// seed for a new character (`time_value`, `rng.md` §5.2; measured: two /// new characters got 0x63a0b0fd and 0x07013cee, /// `traces/frontend/frontend-menus/frontend-0005.j		recording	yes	
REC-1130	crates/d2-client/src/app/single_player.rs:269	d2-client/app	PROVISIONAL (REC-1130): an existing character picked from the // menu leaves the builder's class byte `[0x007A0522]` at 0 (the // create screen and `-bar` style switches set it); recorded in // 1.14d, checks combat-melee-fallen / combat-pot		unstated	no	
REC-279	crates/d2-client/src/app/single_player.rs:583	d2-client/app	PROVISIONAL (REC-279 part 2; d2rs-own, unverified): the ranges are /// settled (`ai.md` §5.2 step 4: 35; §5.3 scan 6: full-size < 49), but /// the scan 6 filter `0x005DC970`, the `nThreat` main / alternative /// classes, the line test (mask		data	yes	
REC-129|REC-780	crates/d2-client/src/app/single_player.rs:1185	d2-client/app	PROVISIONAL (REC-780, d2rs-own, unverified): it runs after the tick, /// as the other queued quest events (REC-129), not inside the creation. fn boss_quest_hook(&mut self, boss: UnitId) { self.quest_events .push(d2_sim::wiring::action::Ques		recording	no	
REC-97	crates/d2-client/src/app/single_player.rs:2166	d2-client/app	PROVISIONAL REC-97). hooks.death.allocate_corpses = true; // Game entry places through the path provider; on before any unit is // allocated. hooks .enable_paths()		recording	no	
REC-732	crates/d2-client/src/app/single_player.rs:2348	d2-client/app	PROVISIONAL (REC-732): the // original's call site in the join is not identified. v.set_alignment(g, p, 2); Some(p) }) else { s.events		recording	no	
REC-724	crates/d2-client/src/app/skill_rest.rs:279	d2-client/app	PROVISIONAL (REC-724): tests 5–10 (item test, mana, // shape, start stat, charges, cooldown) are not run here (no item, // mana or cooldown provider on this seam), so the rest is "usable". // Before the first [`sync_shapes`] the flag table 		unstated	no	
~REC-152|REC-248	crates/d2-client/src/app/skill_rest.rs:404	d2-client/app	PROVISIONAL (skills/use.md OQ10): the per-skill bodies are // catalogued only; logged, result 0. d2rs-own, unverified. fn srvst(&mut self, index: u16, u: UnitId, skill: i32, lvl: i32) -> i32 { self.note(format!("srvst {index} {} {skill} {lv		data	yes	spec-settled REC-248->q-fix-los-direction
REC-286	crates/d2-client/src/app/visibility.rs:11	d2-client/app	PROVISIONAL REC-286, with the module doc //! of `world_view::visibility`).		recording	no	
REC-158	crates/d2-client/src/app/weapons.rs:225	d2-client/app	PROVISIONAL (q-fix-real-item-type-test): every 1.14d `charstats` // weapon class is `hth` (§2.1), so no hand item answers 0; the item // validity test is not applied, and the grip is the copy's (REC-158). fn cof_class(hands: &Hands, items: 		recording	no	
REC-548	crates/d2-client/src/audio/driver.rs:152	d2-client/audio	PROVISIONAL (REC-548): the force argument is not stated; /// read as 0 (a looping travel sound stops when the missile was its /// last unit). GroupDetach { unit: UnitKey, id: i32 }, }		unstated	no	
-	crates/d2-client/src/audio/sound_table/system.rs:273	d2-client/audio/sound_table	PROVISIONAL (specs/audio/sound-table.md §10 r5, OQ 13): the // stamp starts at 0 like the other counters sound init resets, // so the T ≠ 0 passes before T = 250 start no async preload; // settled by recording ST-7. failed_eviction: 0, last	recording ST-7. failed_eviction: 0, last_pass: 0	recording	no	
-	crates/d2-client/src/audio/sound_table/system.rs:940	d2-client/audio/sound_table	PROVISIONAL (specs/audio/sound-table.md OQ 10, OQ 13, §10 // r6): a read is finished by the first pass after the tick it // started (d2rs has no read latency); one started in this pass // is not collected until the next; settled by recordin	recording ST-7. if self.cache.reads.get(&id).is_some_and(|&(t, _)| t !	recording	no	
-	crates/d2-client/src/audio/sound_table/system.rs:1415	d2-client/audio/sound_table	PROVISIONAL (specs/audio/sound-table.md §6.6 r3, OQ 12): 1.14d's /// upkeep sees a buffer finish when the voice service thread (50 ms /// wall-clock passes) has seen the end, and the play position it saves /// comes from the device; d2rs de	recording ST-4	recording	no	
-	crates/d2-client/src/audio/triggers/skills.rs:194	d2-client/audio/triggers	PROVISIONAL (specs/audio/triggers-2.md §16, function 47): the update /// of data +0x28 is read as part of the `ProgSound` > 0 branch (the live /// missile 452 has `ProgSound` 2,416, so the reading is not observable in /// 1.14d data); settl	the request log of `triggers.md` open question 1. pub fn missile_prog_	unstated	no	
REC-430	crates/d2-client/src/audio/unit_feed.rs:21	d2-client/audio	PROVISIONAL guesses, each with what settles it (M25): //! //! - **REC-430** settled (Wine recording, `facts/client/anim/ //! a1-town-walk-ama.tsv`): f := 0 at a mode change, wrapping at F //! (frames × 256); the speed is the rate of `sim/un		recording	no	
REC-277	crates/d2-client/src/bridge/check.rs:27	d2-client/bridge	PROVISIONAL REC-277. Followed, /// Another unit moved to (x, y) (rule 8). Moved, /// Rule 8 found no room for (x, y) in the client DRLG: nothing. NoRoom,		recording	no	
REC-51|REC-277	crates/d2-client/src/bridge/check.rs:174	d2-client/bridge	PROVISIONAL (REC-277; `model.md` OQ2, // REC-51): the 1.14d client's own position is its own path, // stepped by the same path code as the server's (`sim/pathing.md` // §3–§7) over the same rooms, so the two end together and rule 8 // asks 		recording	no	spec-settled REC-51->q-fix-monster-modes
REC-51	crates/d2-client/src/bridge/click.rs:63	d2-client/bridge	PROVISIONAL (client/model.md OQ2; REC-51): /// in the preview the server sends the walker nothing, so the model /// cell stays at the walk's start while the view follows the /// prediction; the camera and the walk clamp read the prediction 		recording	no	spec-settled REC-51->q-fix-monster-modes
REC-514	crates/d2-client/src/bridge/click.rs:171	d2-client/bridge	PROVISIONAL (ui/controls.md §6 r2, REC-514: measured on the /// `a1-walk-*` scenes): screen (sx, sy) → client (sx + cx_u − shift_x, /// sy + cy_u − 4) → subtile ((px + 2·py) / 32, (2·py − px) / 32) /// floored: the unit draw's inverse (`sy 		unstated	no	
-	crates/d2-client/src/bridge/click.rs:392	d2-client/bridge	PROVISIONAL (ui/controls.md §6 r9.8; controls-0001): the client /// holds no path record or collision for the path compute /// `0x00649970`, so the path's end point is the clamped target itself /// (the server computes the real path from th		unstated	no	
REC-1002	crates/d2-client/src/bridge/click.rs:442	d2-client/bridge	PROVISIONAL (skills/sequences.md local player rule 1; REC-1002): the /// gate `0x00480BA0` (current skill without `interrupt` and mode not 1 / /// 5 → no request, no send) is not run; the dispatcher's /// [`can_act`] refuses the attack and 	a /// 1.14d click log while walking with a non-interrupt skill selecte	unstated	no	
REC-452	crates/d2-client/src/bridge/client_missiles.rs:35	d2-client/bridge	PROVISIONAL //! REC-452), and the client functions not listed in [`update_with`]'s //! dispatch (the missile is then left as it is). The aim nudge (§C2 r8) //! reads the owner's direction from the record //! ([`CreateRecord::owner_dir64`]; 		unstated	no	
REC-549	crates/d2-client/src/bridge/client_missiles.rs:610	d2-client/bridge	PROVISIONAL (REC-549): the model holds no monster target unit /// (`0x004648F0`), so the path target point is used. fn umod_missile( w: &mut ClientWorld, rows: &[ClientMissileRow], owner: UnitKey,		recording	no	
REC-543	crates/d2-client/src/bridge/client_missiles.rs:682	d2-client/bridge	PROVISIONAL (REC-543): the aim nudge (§C2 r8) reads the owner's /// direction `0x00620100`, which the model does not hold (unit /// directions live in the view's poses); a child created by a missile /// takes its parent's direction instead.		recording	no	
REC-277|REC-546	crates/d2-client/src/bridge/client_missiles.rs:1548	d2-client/bridge	PROVISIONAL (REC-546): the 1.14d client stamps these on its grids as /// its units move (`sim/pathing.md` §13.3 r5); the model's grids carry /// none (the local player's walk prediction reads them without other /// units, `client/model.md` 		recording	no	
REC-546	crates/d2-client/src/bridge/client_missiles.rs:1618	d2-client/bridge	PROVISIONAL REC-546, as [`stamp_unit_footprints`]). pub fn stamp_footprint(w: &mut ClientWorld, x: i32, y: i32, pattern: u32, mask: u16) { let Some(d) = w.drlg.as_ref() else { return; }; let mut rooms = FootRooms {		recording	no	
REC-547	crates/d2-client/src/bridge/client_missiles.rs:1920	d2-client/bridge	PROVISIONAL REC-547). if let Some(id) = light_of(w, key) { let _ = w.lights.die(id); } super::objects::remove_client_unit(w, key); return Err(e);		unstated	no	
REC-541	crates/d2-client/src/bridge/client_missiles.rs:1951	d2-client/bridge	PROVISIONAL (REC-541; Open question 10): // the getters' values are copied as stored. if let Some(xm) = w.objclient.missiles.get_mut(&xk) { xm.motion.pos = m.motion.pos; xm.motion.done(); xm.motion.restart();		recording	no	
REC-544	crates/d2-client/src/bridge/client_missiles.rs:2009	d2-client/bridge	PROVISIONAL (REC-544; `client/msg-ui.md` /// OQ2: the model holds no flag word): a player or monster has both /// while it is not dead (the death clears 0x4, `client/msg-units.md` /// §4 r6); a missile has 0x4 with `CanDestroy` (§C1). fn fl		unstated	no	
REC-545	crates/d2-client/src/bridge/client_missiles.rs:2138	d2-client/bridge	PROVISIONAL REC-545: `0x006251F0(0, 2, NextDelay, …)`, Open question /// 11): an entry at 0 is removed. pub fn tick_just_hit(w: &mut ClientWorld) { w.objclient.just_hit.retain(|_, n| { *n -= 1; *n > 0		recording	no	
REC-543	crates/d2-client/src/bridge/client_missiles_bodies_tests.rs:1058	d2-client/bridge	PROVISIONAL REC-543). let mut r = row(FN_WANDER_MAKER); (r.clt_sub, r.clt_param) = ([2, -1, -1], [99, 0, 0, 0, 0]); let mut fire = row(FN_DEFAULT_STEP); fire.vel = 8; let rows = vec![ClientMissileRow::default(), r, fire];		recording	no	
REC-452	crates/d2-client/src/bridge/client_missiles_hits.rs:42	d2-client/bridge	PROVISIONAL (REC-452): the bodies not modelled yet (the open ones of /// §B6 and 9, 12, 53) read as returning non-zero (the end goes on: /// explosion, light, removal). pub(super) fn call( w: &mut ClientWorld, env: &Env,		unstated	no	
-	crates/d2-client/src/bridge/client_missiles_hits.rs:991	d2-client/bridge	PROVISIONAL, Edge case 2). fn fist( w: &mut ClientWorld, env: &Env, m: UnitKey, mm: &ClientMissile,		unstated	no	
REC-51|REC-277|REC-706	crates/d2-client/src/bridge/client_path.rs:26	d2-client/bridge	PROVISIONAL (`client/model.md` OQ2; REC-51, //! REC-277): that the 1.14d client step `0x00463390` runs these functions //! with these inputs (the unit's stats read as: velocity percent and //! stat 96 from the model ([`Own`]) plus the run b		recording	no	spec-settled REC-51->q-fix-monster-modes
REC-1565	crates/d2-client/src/bridge/client_path.rs:110	d2-client/bridge	PROVISIONAL (REC-1565): the 1.14d client stamps an object's /// footprint where its `HasCollision[mode]` is set, as the server's /// add does (`path-placement.md` §2.5). pub object: Option<d2_sim::path::ObjectShape>, }		unstated	no	
REC-542	crates/d2-client/src/bridge/combat.rs:162	d2-client/bridge	PROVISIONAL (REC-542; d2rs-own, /// unverified, as [`hostile`]): the player-player relation flags /// (`0x004DC440`, flag 8) read "not hostile" (single player: no other /// player), the `monstats2` `alSel` / `noSel` clauses are not run, and		data	yes	
REC-546	crates/d2-client/src/bridge/critters.rs:37	d2-client/bridge	PROVISIONAL REC-546). super::client_missiles::stamp_unit_footprints(w, &inputs.tables.monsters); for r in rooms { let Some(d) = w.drlg.as_ref() else { return; };		recording	no	
REC-741	crates/d2-client/src/bridge/critters.rs:247	d2-client/bridge	PROVISIONAL (client/model.md §5 r6; REC-741): the zoo test // (`monstats` flag 22, `0x0046D660`) and the other class bodies // are not modelled; they run nothing. 151 | 269 | 283 | 339 | 157 | 158 | 319 | 159 | 227 | 318 | 556 | 574 | 278..		data	yes	
REC-742	crates/d2-client/src/bridge/critters.rs:273	d2-client/bridge	PROVISIONAL (client/model.md §5 r6, /// §19; REC-742): the client path of a C monster is not modelled; the /// request sets the mode its code sets (code 1 → 2 WL, 0x0C → 8 S1; code /// 7 at the own position: modes 1…15 other than 12 → 1) an		unstated	no	
REC-188	crates/d2-client/src/bridge/item_lists.rs:14	d2-client/bridge	PROVISIONAL (REC-188; `stat-lists.md` open question 2): which of an //! item's lists are attached. d2rs adds every list the stream carries //! (base-magic list, the set lists of the active set mask, the runeword //! list), the set-bonus lis		recording	no	spec-settled REC-188->q-fix-client-set-lists
REC-51	crates/d2-client/src/bridge/mod.rs:573	d2-client/bridge	PROVISIONAL (`client/model.md` OQ2; REC-51). pub fn recache_local_room(&mut self, x: u16, y: u16) -> bool { self.world.recache_local_room(x, y) }		recording	no	spec-settled REC-51->q-fix-monster-modes
REC-51|REC-277	crates/d2-client/src/bridge/mod.rs:581	d2-client/bridge	PROVISIONAL (`client/model.md` OQ2; REC-51, /// REC-277). pub fn set_local_walk(&mut self, pos: Option<(u32, u32)>, mode: Option<u32>) { self.world.set_local_walk(pos, mode); }		recording	no	spec-settled REC-51->q-fix-monster-modes
REC-51	crates/d2-client/src/bridge/modes.rs:23	d2-client/bridge	PROVISIONAL (client/model.md OQ 2; REC-51): the local //! player is drawn at the last server-sent position, no prediction.		recording	no	spec-settled REC-51->q-fix-monster-modes
REC-51	crates/d2-client/src/bridge/modes.rs:186	d2-client/bridge	PROVISIONAL (client/model.md OQ 1; REC-51): the // path helpers succeed (the client holds no path record, so the // "helper returned 0 → neutral" branch never runs). 0x00 | 0x01 => set(w, walk), // The interact sender (rule 7) runs from the		recording	no	spec-settled REC-51->q-fix-monster-modes
REC-279	crates/d2-client/src/bridge/modes.rs:205	d2-client/bridge	PROVISIONAL (REC-279; d2rs-own, unverified): `0x00480EF0` // places a unit that was dead at (r0, r1), as 0x15's place // (`msg-units.md` §3 rule 4, without the free-point fallback). // The respawn's 0x0D code 7 (C→S 0x41) is the only messag		data	yes	
REC-51	crates/d2-client/src/bridge/modes.rs:225	d2-client/bridge	PROVISIONAL (client/model.md §8 r4 code 0x12; REC-51): the // test `0x0063C8F0(inventory, 0)` / COF weapon class 0xD // needs the client inventory and the COF weapon class, which // the model does not hold: read as false (mode unchanged). c		recording	no	spec-settled REC-51->q-fix-monster-modes
REC-51	crates/d2-client/src/bridge/modes.rs:329	d2-client/bridge	PROVISIONAL (client/model.md OQ 1; REC-51): the client skill start /// `0x004C6F40` / `0x004C6EB0` is not specified; read as "mode := the /// skill's animation mode". d2rs-own, unverified. pub fn skill_mode(inputs: &ModelInputs, skill: i32,		recording	no	spec-settled REC-51->q-fix-monster-modes
REC-51	crates/d2-client/src/bridge/modes.rs:395	d2-client/bridge	PROVISIONAL (client/model.md OQ 1; REC-51): the client path helpers /// (`0x00480780` to a unit, `0x004804A0` to a point) succeed when their /// target is there (the model holds no client path record), as the /// player machine's; and the "		recording	no	spec-settled REC-51->q-fix-monster-modes
REC-279	crates/d2-client/src/bridge/modes_tests.rs:93	d2-client/bridge	PROVISIONAL REC-279: /// the respawn's 0x0D, after the 0x15 the dead player ignored); a living /// player stays where it is, and a dead one with record (0, 0) too. // Covers: specs/client/model.md §8 r4 #[test] fn code_7_places_a_player_tha		data	yes	
REC-51	crates/d2-client/src/bridge/modes_tests.rs:319	d2-client/bridge	PROVISIONAL (client/model.md OQ 1; REC-51): codes 0x15 / 0x16 (S→C /// 0x4D / 0x4C) set the skill's `anim` (player) or `monanim` (monster) /// mode; a skill without a row leaves the mode. // Covers: specs/client/msg-units.md §4 r1; specs/cl		recording	no	spec-settled REC-51->q-fix-monster-modes
REC-502	crates/d2-client/src/bridge/monster_anim.rs:26	d2-client/bridge	PROVISIONAL (sim/units.md §4.7; REC-502): the client reads no used /// skill, so the skill columns (V-skill, A-skill) never apply; settled by /// a recording of a monster casting in sight. pub fn rate(w: &ClientWorld, inputs: &ModelInputs, 	/// a recording of a monster casting in sight. pub fn rate(w: &ClientW	recording	no	
REC-503	crates/d2-client/src/bridge/monster_anim.rs:116	d2-client/bridge	PROVISIONAL (client/model.md §19 r8.5; REC-503): every mode takes /// anim kind 0 (the mode-record table's kinds 1–3, the end tests and the /// mode end are not run: the town's NU and WL are kind 0); settled by a /// recording of a monster 	a /// recording of a monster attacking and dying in sight. pub fn step	recording	no	
-	crates/d2-client/src/bridge/motion.rs:36	d2-client/bridge	PROVISIONAL (client/model.md OQ1): straight line //! instead of the client path, no collision; the server stays the //! authority (its next placement or stop wins).		unstated	no	
-	crates/d2-client/src/bridge/msg/items.rs:82	d2-client/bridge/msg	PROVISIONAL // (client/msg-stats-items.md OQ 3): the model holds no item stat // lists (they come from the item stream), so nothing is written; // OQ 3 is answered (2026-10-08, the save-0 record peek): writing // it is queued as `q-fix-clie		unstated	no	
REC-450	crates/d2-client/src/bridge/msg/lighting.rs:110	d2-client/bridge/msg	PROVISIONAL (REC-450): the create record is flags 1 (start at the /// point), class 287, no owner, origin, target, skill or level; §10 r1 /// names only the missile. A point in no room of the client DRLG tests /// as blocked (the point test		recording	no	
-	crates/d2-client/src/bridge/msg/roster.rs:62	d2-client/bridge/msg	PROVISIONAL (client/msg-units.md §8 r3): the name comparison // of `0x00479360` is an exact byte compare up to the NUL; settled by // a Ghidra read of 0x00479360. let found = w .roster .iter()	// a Ghidra read of 0x00479360. let found = w .roster .iter(	unstated	no	
-	crates/d2-client/src/bridge/msg/stats_items.rs:70	d2-client/bridge/msg	PROVISIONAL (client/msg-stats-items.md OQ 3, with items/bitstream.md): /// the header is the head of the item bit stream (`items/bitstream.md` /// §2 r3, §3 r1–r2, §4.1 r1–r3): 32 bits flags F, 10 bits version, 3 /// bits mode, then the loc	a Ghidra read of 0x0062E410 plus a join /	unstated	no	
REC-415	crates/d2-client/src/bridge/msg/tests_proto_a.rs:985	d2-client/bridge/msg	PROVISIONAL REC-415) == // d2_proto encode == the client handler. let mut r = Rig::new(); let mut check = |guid: u32, stat: u8, value: u32| { let p = gen::StatUpdate { guid, stat, value }; let b = p.encode();		binary	no	
REC-400	crates/d2-client/src/bridge/msg/tests_proto_d.rs:929	d2-client/bridge/msg	PROVISIONAL /// widths REC-400: the narrowest that holds each field) equals the spec /// layout packed by hand, and the client sets every stat back (param /// unused off stat 204). // Covers: specs/client/msg-stats-items.md §5 r1 #[test]		unstated	no	
-	crates/d2-client/src/bridge/msg/unit_misc.rs:168	d2-client/bridge/msg	PROVISIONAL (client/msg-stats-items.md OQ 3): the model // holds no inventory nodes, so the body items are the item units // whose last item record (0x9C / 0x9D) names P as owner with stream // header mode 1 (body; header peek of `ItemHeade		unstated	no	
REC-45	crates/d2-client/src/bridge/objects/fns.rs:396	d2-client/bridge/objects	PROVISIONAL (objects-client.md §26.16; REC-45): the rule is /// implemented as stated; with the generic step's speed it is expected /// never to fire (the generic step reaches mode 2 itself). fn baal_portal(cx: &mut Cx<'_>) -> Result<bool, 		recording	no	
REC-99	crates/d2-client/src/bridge/objects/interact.rs:75	d2-client/bridge/objects	PROVISIONAL (REC-99): `ui/controls.md` §6 r9.2 sends 0x13 (T, g) // for a tile, `model.md` §8 rule 7 lists no tile case: a tile (a // level warp, `path-placement.md` §12.2) is sent as the 9-byte // 0x13 of the other types. TILE => w.outgoin		recording	no	spec-settled REC-99->q-fix-warp-tile-restore
-	crates/d2-client/src/bridge/objects/interact.rs:147	d2-client/bridge/objects	PROVISIONAL (client/model.md §8 rule 7; REC-objclient-2): "P's skill /// on side 1 (`0x006439F0`)" is read as `0x006439F0(P, 1)`, the highest /// entry of skill 1 (`skills/levels.md` §1), and "skill 0" as the native /// entry of skill 0; ei		binary	no	
REC-51	crates/d2-client/src/bridge/objects/mod.rs:876	d2-client/bridge/objects	PROVISIONAL (audio/triggers.md §7 r2; REC-51): 1.14d has no update /// pass without a local player in practice; read as far. pub const NO_LOCAL_DISTANCE: i32 = i32::MAX;		recording	no	spec-settled REC-51->q-fix-monster-modes
REC-45	crates/d2-client/src/bridge/objects/tests.rs:658	d2-client/bridge/objects	PROVISIONAL, REC-45). let mut w = world((0, 0)); i.objclient.rows[0].start[1] = 0; i.objclient.rows[0].frame_delta = [256; 8]; i.objclient.rows[0].frame_cnt = [2 * 256; 8]; obj_mut(&mut w).mode = 1;		recording	no	
-	crates/d2-client/src/bridge/output.rs:88	d2-client/bridge	PROVISIONAL (client/msg-ui.md §9 r2): no model rule writes /// monster data +0x3C, so it keeps −1 (the act5pow sound 4607 /// path); settled by a Ghidra xref of +0x3C writes in monster /// data. mdata_3c: Option<i32>, /// S holds an object 	a Ghidra xref of +0x3C writes in monster /// data. mdata_3c: Option<i3	unstated	no	
REC-1000	crates/d2-client/src/bridge/player_anim.rs:20	d2-client/bridge	PROVISIONAL (skills/sequences.md client mode-18 machine; REC-1000): //! every mode in [`ENDING_MODES`] runs the mode-18 row's steps {advance //! 1, end 3} on its AnimData frames (the rows of table `0x00711E00` for //! modes 4 and 7–16 are n	a read of `0x00711E00` rows 4, 7–16 and a recording	recording	no	
REC-1000|REC-1001	crates/d2-client/src/bridge/player_anim.rs:28	d2-client/bridge	PROVISIONAL (sim/units.md §4.7; REC-1001): the rate reads no used //! skill (`seqtrans`, `UseAttackRate`) and no item rate values (stats //! 93–105 read 0), and a player without a base stat 67–69 reads 100, as //! the audio feed's `player_r	the recording of REC-1000 with an IAS / FCR item worn	recording	no	
REC-51|REC-277|REC-288|REC-570	crates/d2-client/src/bridge/predict.rs:43	d2-client/bridge	PROVISIONAL (client/model.md OQ2; REC-51, //! REC-277 (d)): the client path step (`ClientPath`'s module doc), the //! straight-line fallback, the //! snap rule, the tick step and the facing (the client turns, §8.5) are //! not 1.14d facts. 		recording	no	spec-settled REC-51->q-fix-monster-modes
REC-288|REC-570	crates/d2-client/src/bridge/predict.rs:47	d2-client/bridge	PROVISIONAL (REC-570; REC-288 settled the waypoint //! case): for a warp or portal arrival, that the 0x0D walk outlives //! the 0x15 placement after it (the placement's teleport sets the path's //! point count to 0, `sim/path-placement.md` 		recording	no	
REC-517	crates/d2-client/src/bridge/predict.rs:609	d2-client/bridge	PROVISIONAL REC-517); // a walk to a unit follows the unit. if new_walk || matches!( self.walk, Some(Walk {		unstated	no	
REC-51	crates/d2-client/src/bridge/update.rs:18	d2-client/bridge	PROVISIONAL (client/model.md OQ 1, OQ 2; REC-51): no other client-side //! mode steps, no client seed draws in the animation and no local walk //! prediction (the local player follows the server position).		recording	no	spec-settled REC-51->q-fix-monster-modes
REC-545|REC-546	crates/d2-client/src/bridge/update.rs:174	d2-client/bridge	PROVISIONAL REC-545). super::client_missiles::tick_just_hit(world); // PROVISIONAL REC-546: the unit footprints the missiles read. super::client_missiles::stamp_unit_footprints(world, &inputs.tables.monsters); for key in objects::c_order(wo		recording	no	
REC-546	crates/d2-client/src/bridge/update.rs:176	d2-client/bridge	PROVISIONAL REC-546: the unit footprints the missiles read. super::client_missiles::stamp_unit_footprints(world, &inputs.tables.monsters); for key in objects::c_order(world, super::world::MISSILE) { let env = super::client_missiles::Env { r		recording	no	
REC-277	crates/d2-client/src/bridge/world.rs:193	d2-client/bridge	PROVISIONAL REC-277. pub follows: u32, /// Stat list layer 0 base values. pub stats: BTreeMap<u16, i32>, /// Client copy of the unit seed {lo, hi} (§2 rule 6). `None` when it /// was derived from a client room's seed with no client DRLG in 		recording	no	
-	crates/d2-client/src/bridge/world.rs:336	d2-client/bridge	PROVISIONAL (client/msg-ui.md OQ 2 → client/msg-units.md, unit /// flag word +0xC4): unit flag 0x10000 is set only by the dead-state /// flow the server sync carries (0x15's flag), which the model keeps /// as the mode, so the test reads th	a Ghidra /// xref of all +0xC4 writers. pub fn is_dead(&self) -> bool	unstated	no	
-	crates/d2-client/src/bridge/world.rs:434	d2-client/bridge	PROVISIONAL (client/model.md §14, OQ 10): only the three /// 0x81 values are stored (no other field past +0x24, no reader of /// +0x1C modelled); settled by a recording with a hireling (0x7A / /// 0x81; HANDOFF §7 PC 2 recording list). pub 	a recording with a hireling (0x7A / /// 0x81; HANDOFF §7 PC 2 recordin	recording	no	
REC-51|REC-277	crates/d2-client/src/bridge/world.rs:576	d2-client/bridge	PROVISIONAL (`client/model.md` OQ2; REC-51, REC-277). #[derive(Clone, Copy, Debug, PartialEq, Eq)] pub struct LocalWalk { /// The model position when the cell was recorded: a placement since /// then wins over the cell. pub at: (u16, u16),		recording	no	spec-settled REC-51->q-fix-monster-modes
-	crates/d2-client/src/bridge/world.rs:662	d2-client/bridge	PROVISIONAL). pub pet_palette: BTreeMap<UnitKey, u8>, /// The belt column-ready bytes `[0x007BEFB0 + c]` /// (`msg-stats-items.md` §2 r6), written only by 0x9C 0x0E, 0x0F and /// 0x15 mode 2. pub belt_ready: [bool; 4],		unstated	no	
-	crates/d2-client/src/bridge/world.rs:841	d2-client/bridge	PROVISIONAL (q-fix-real-unit-free-light, // docs/handoff/q-fixture-migrate.md): the free removes the unit's // light (unit +0x64, `render/lighting.md` §6.2 r5 `0x00464930`); // §2 rule 5 does not name it. Without it an object light (kind 2)	the RE	unstated	no	
REC-51	crates/d2-client/src/bridge/world.rs:932	d2-client/bridge	PROVISIONAL (open question 2; REC-51). pub fn recache_local_room(&mut self, x: u16, y: u16) -> bool { let Some(key) = self.local_player else { return false; }; if !self.units.contains_key(&key) {		recording	no	spec-settled REC-51->q-fix-monster-modes
REC-726	crates/d2-client/src/controls/keymap.rs:204	d2-client/controls	PROVISIONAL, REC-726: the play's panel and /// chat closes go through them). pub fn runs_in_key_mode(action: Act, mode: u8) -> bool { if mode == 1 || action == Act::GameMenu { return true; }		data	yes	
REC-295	crates/d2-client/src/facts/export.rs:84	d2-client/facts	PROVISIONAL, REC-295): the wrapper name of an item. fn op(tile: bool, item: &DrawItem) -> &'static str { let p = item.key.pass(); match (tile, p) { (true, pass::FLOORS | pass::ROOFS) => "FloorTileDraw", (true, pass::SHADOWS) => "ShadowTileD		unstated	no	
REC-296	crates/d2-client/src/facts/export.rs:97	d2-client/facts	PROVISIONAL, REC-296): the handed (X, Y) of a tile item. fn tile_xy(f: &IndexFrame, item: &DrawItem, view_left: Option<i32>) -> Option<(i32, i32)> { let origin = (item.x - f.x_off, item.y - f.y_off); match item.key.pass() { pass::FLOORS | p		unstated	no	
REC-540	crates/d2-client/src/rules/unit_composite.rs:1282	d2-client/rules	PROVISIONAL (REC-540; `missiles/client.md` Open question 9): "flag /// 2" is read as flags := 2 (the arc drops flag 8, so a landed arc reports /// "not moving", `missiles/client.md` §C7 r3); n in the division is /// max(n, 1); az·n² is divi		recording	no	
REC-705	crates/d2-client/src/ui/char_feed.rs:14	d2-client/ui	PROVISIONAL (REC-705, d2rs-own, unverified): the skill-side terms //! these entries add (`ddam calc1` / `calc2`, `phys_min` / `elem_min` //! of the skill, `to_hit(U, id, L)`, the `finishing` charges), the //! weapon mastery, `item_normaldam		unstated	no	
REC-726	crates/d2-client/src/ui/edge.rs:181	d2-client/ui	PROVISIONAL, REC-726). pub fn key_actions_in_mode(bindings: &Bindings, pressed: &[KeyCode], mode: u8) -> Vec<UiEvent> { let mut v = key_actions(bindings, pressed); v.retain(|e| match e { UiEvent::Action(a) => Action::ALL .get(usize::from(a.		data	yes	
REC-726	crates/d2-client/src/ui/edge.rs:409	d2-client/ui	PROVISIONAL, REC-726). // Covers: specs/ui/controls.md §4.1 r4, §4.1 r5 #[test] fn key_modes_filter_the_key_actions() { let b = Preset::Original.bindings().unwrap(); let keys = [KeyCode::KeyI, KeyCode::KeyV, KeyCode::Escape];		data	yes	
REC-60	crates/d2-client/src/ui/edit_box.rs:350	d2-client/ui	PROVISIONAL (specs/ui/text.md §15 r6; REC-60): the caret is // inside the window: refit from the end of the text when the // text from the window start fits, else keep `first` and walk // `last` up. let tail = if at_end { span(self.first, n		recording	no	spec-settled REC-60->q-fix-d2s-token-ref,q-fix-edit-scroll,q-fix-format-lookups
REC-212	crates/d2-client/src/ui/esc_menu.rs:81	d2-client/ui	PROVISIONAL REC-212), /// so a dark strip behind the rows keeps the English stand-in text readable. pub(crate) fn push_fill(out: &mut dyn UiDrawSink, file: u32, frame: u32, r: Rect) { let (w, h) = (FILL_W as i32, FILL_H as i32); let mut y =		recording	no	spec-settled REC-212->q-fix-charselect-wheel,q-fix-esc-menu,q-fix-sp-pause
REC-168	crates/d2-client/src/ui/front_end/control.rs:225	d2-client/ui/front_end	PROVISIONAL: 3, REC-168). pub fn label_k(h: u16) -> i32 { match h { 35.. => 4, 32..=34 => 3, 21..=31 => 2,		binary	no	
-	crates/d2-client/src/ui/front_end/glyphs.rs:112	d2-client/ui/front_end	PROVISIONAL (§F1.1 r5): each line is centred as a single // label; the first sits half a line step minus one row above the // single-label baseline, the second one line step below it (fitted to // the 1.14d character-select buttons "CREATE 		unstated	no	
REC-168	crates/d2-client/src/ui/front_end/mod.rs:11	d2-client/ui/front_end	PROVISIONAL //! under REC-168.		binary	no	
-	crates/d2-client/src/ui/front_end/mod.rs:49	d2-client/ui/front_end	PROVISIONAL (§F1.6 r1 names `fechar` only as compared /// against by `0x0042F2E0`; the builder `0x00435580` loads no palette in /// the trace): chosen because the 1.14d screenshot of the create screen /// matches the `charactercreationscree		recording	no	
-	crates/d2-client/src/ui/front_end/mod.rs:185	d2-client/ui/front_end	PROVISIONAL (§F3.1 /// table; §F3.3 r3 covers the anim-table case only): the 1.14d create /// screenshot shows the fire at columns 345–454, bottom row 470; with the /// offsets (−34, 132) of `fire.dc6` it would sit at 311–420, rows 476–602.		recording	no	
REC-168	crates/d2-client/src/ui/front_end/mod.rs:446	d2-client/ui/front_end	PROVISIONAL (REC-168): a click fires on button-up over the // control that took the button-down. FrontInput::Up(p) => { let down = self.pressed.take(); if let (Some(i), Some(j)) = (down, self.hit(p)) { if i == j {		binary	no	
-	crates/d2-client/src/ui/front_end/mod.rs:624	d2-client/ui/front_end	PROVISIONAL (§F1.1 r3 gives the control's /// bottom edge only): tile row r is drawn at cel Y = (y − h + 1) + the /// heights of rows 0..=r, so the art covers rows y − h + 2 … y + 1, one row /// below the control box; every 1.14d screenshot		recording	no	
REC-180	crates/d2-client/src/ui/front_end/screens/char_select.rs:10	d2-client/ui/front_end/screens	PROVISIONAL, REC-180 (1): a dedicated refresh trigger would //! be cleaner, but it needs a shared `flow.rs` edit. //! //! Preview fills are `// d2rs-own, unverified`; open points are PROVISIONAL //! under REC-180.		binary	no	
REC-180	crates/d2-client/src/ui/front_end/screens/char_select.rs:13	d2-client/ui/front_end/screens	PROVISIONAL //! under REC-180.		binary	no	
REC-180	crates/d2-client/src/ui/front_end/screens/char_select.rs:131	d2-client/ui/front_end/screens	PROVISIONAL REC-180 (4)). pub fn class_name(class: u8) -> &'static str { const NAMES: [&str; 7] = [ "Amazon", "Sorceress", "Necromancer",		binary	no	
-	crates/d2-client/src/ui/front_end/screens/char_select.rs:704	d2-client/ui/front_end/screens	PROVISIONAL (§F2.7 /// gives no font for these descriptors): as the create pop-up 208 (§F3.6 /// r2.4): Font16, margins 10 / 8, flag 2 (centred, wrapped). fn popup_text(string_id: u32) -> Control { let mut c = Control::new(ControlKind::Text		unstated	no	
-	crates/d2-client/src/ui/front_end/screens/char_select.rs:740	d2-client/ui/front_end/screens	PROVISIONAL (§F2.9 gives no flags): no wrap (flag 0x20), // as the 1.14d screenshot shows EXPANSION CHARACTER on one // row although it is wider than w − 2·mx = 48. // PROVISIONAL (§F2.4 r4 lists three rows): an empty first // row (the real		recording	no	
-	crates/d2-client/src/ui/front_end/screens/char_select.rs:743	d2-client/ui/front_end/screens	PROVISIONAL (§F2.4 r4 lists three rows): an empty first // row (the realm, +0x100, empty in single player) precedes // the name, as the 1.14d screenshot puts the name one row // pitch (14 px) below the r8 first baseline. let mut c = Control		recording	no	
-	crates/d2-client/src/ui/front_end/screens/char_select.rs:786	d2-client/ui/front_end/screens	PROVISIONAL (§F2.4 r5 gives 256 × 93): // the 1.14d screenshot shows the box 272 px wide (37–308). v.push( Control::new(ControlKind::Image, slot_x(i), slot_y(i), 272, 93) .with_art(SEL_BOX), );		recording	no	
-	crates/d2-client/src/ui/front_end/screens/char_select.rs:795	d2-client/ui/front_end/screens	PROVISIONAL (§F2.4 r6, §F2.9 give no flags): centred (flags 2), // as the 1.14d screenshot shows the name centred in 85–550. if let Some(e) = m.selected() { v.push( Control::new(ControlKind::Text, 85, 78, 466, 42) .with_font(FONT42, 2)		recording	no	
REC-186	crates/d2-client/src/ui/front_end/screens/cinematics.rs:9	d2-client/ui/front_end/screens	PROVISIONAL (REC-186): the C5 r4 input flush around //! a video is the host's; the screen counts them in [`Handles::flushes`].		recording	no	
REC-168	crates/d2-client/src/ui/front_end/screens/cinematics.rs:141	d2-client/ui/front_end/screens	PROVISIONAL (REC-168): the classic background (descriptor 8, // with the logo) is the shell's; only the panel is drawn here. v.push(Control::new(ControlKind::Image, 237, 555, 326, 341).with_art(PANEL_CLASSIC)); (&LABELS_CLASSIC, &Y_CLASSIC,		binary	no	
REC-184	crates/d2-client/src/ui/front_end/screens/controls.rs:522	d2-client/ui/front_end/screens	PROVISIONAL (REC-184 -> q-fix-controls-btn-width): the English values /// until the label width comes from the font measure. pub(crate) const BTN_HALF: [i32; 3] = [32, 35, 32]; /// Rows of a button hit box: T + 329 ..= T + 367 (measured, bo		recording	no	
REC-181	crates/d2-client/src/ui/front_end/screens/create.rs:12	d2-client/ui/front_end/screens	PROVISIONAL //! under REC-181 (name filter and the click during a walk measured: //! `traces/frontend/frontend-menus/frontend-0001.json`; the hover box is //! `q-fix-create-hitbox`).		recording	no	
REC-181	crates/d2-client/src/ui/front_end/screens/create.rs:415	d2-client/ui/front_end/screens	PROVISIONAL (REC-181): the front end gets no pointer-move, but a // click lands where the pointer is, so an idle hero counts as hovered. let s = if self.heroes[i].state == IDLE { HOVER } else { self.heroes[i].state		recording	no	
-	crates/d2-client/src/ui/front_end/screens/create.rs:699	d2-client/ui/front_end/screens	PROVISIONAL size (§F3.5 gives the position only): 200 × // 32 as label 201, so "EXPANSION CHARACTER" stays on one row // (100 px would wrap it onto the Hardcore label); settled by a // capture of the create screen with a class selected. v.p	a // capture of the create screen with a class selected. v.push( Contr	recording	no	
REC-181	crates/d2-client/src/ui/front_end/screens/create.rs:838	d2-client/ui/front_end/screens	PROVISIONAL (REC-181 -> q-fix-create-hitbox): the 88×184 // descriptor box, bottom-left at (x, y). Measured // (`traces/frontend/frontend-menus/frontend-0002.json`): 1.14d // hovers by the DC6 frame-0 box of §F3.3 r5 (Barbarian x 361..446, 		recording	no	
REC-185	crates/d2-client/src/ui/front_end/screens/credits.rs:10	d2-client/ui/front_end/screens	PROVISIONAL (REC-185): the host draws [`Credits::rows`] (FontFormal10, //! font 3 in `ui/text.md`'s id table) from `CreditsScreen::visible_rows`; //! the shared draw list has no per-tick text yet. Missing text file: spec C4 //! r2 is a fata		recording	yes	
REC-222	crates/d2-client/src/ui/front_end/screens/loading.rs:5	d2-client/ui/front_end/screens	PROVISIONAL, d2rs-own, //! unverified: every key is ignored too).		recording	no	
REC-223	crates/d2-client/src/ui/front_end/screens/loading.rs:133	d2-client/ui/front_end/screens	PROVISIONAL, REC-223): no loading redraw // after the video; black until L7. self.after_video = true; } } }		recording	no	
REC-724	crates/d2-client/src/ui/hud.rs:170	d2-client/ui	PROVISIONAL (REC-724): u runs the level, `InGame`, aura and passive /// tests of `skills/use.md` §2 only (no mana, item or cooldown provider on /// this seam), as `app/skill_rest.rs` `use_state`. Before the flag table /// is filled only the		unstated	no	
REC-60	crates/d2-client/src/ui/inv_grid.rs:601	d2-client/ui	PROVISIONAL (specs/ui/inventory.md §8 r3; REC-60): "touch" is read as // the closed boxes intersecting; the original's exact comparisons are not // in the spec. pub fn item_graphic_visible( x: i32, top: i32,		recording	no	spec-settled REC-60->q-fix-d2s-token-ref,q-fix-edit-scroll,q-fix-format-lookups
REC-242	crates/d2-client/src/ui/item_tip.rs:492	d2-client/ui	PROVISIONAL (REC-242): a compact record carries no quality // (`bitstream.md` §3) and the client's quality for it is not // specified; read as normal (2), the only quality whose name // branch a compact item can take (§5 r3.2). if b.flags &		recording	no	spec-settled REC-242->q-fix-item-tip-layout,q-fix-item-tip-props
REC-740	crates/d2-client/src/ui/item_tip.rs:731	d2-client/ui	PROVISIONAL (REC-740): a bare point (no item rectangle known to /// the caller) is a zero-height anchor. pub fn at_point(p: Point) -> Self { TipAnchor { x: p.x, top: p.y,		unstated	no	
REC-242	crates/d2-client/src/ui/item_tip_build.rs:19	d2-client/ui	PROVISIONAL (REC-242): the item's own totals are its base values plus //! the summed list L and the op-13 percents of `sim/stats.md` §6.3 (the //! only item-owned ops); the full stat engine is not run on the client //! copy. The possessive 		recording	no	spec-settled REC-242->q-fix-item-tip-layout,q-fix-item-tip-props
-	crates/d2-client/src/ui/item_tip_build.rs:454	d2-client/ui	PROVISIONAL, see the module notes): /// base + L + the op-13 percents of the item base. fn total(&self, s: u16) -> i32 { let base = self.base(s); let mut v = base.wrapping_add(self.l.get(s, 0)); for (src, d) in self.t.op13_sources(s) {		unstated	no	
REC-242	crates/d2-client/src/ui/item_tip_world.rs:6	d2-client/ui	PROVISIONAL (REC-242): the set-slot masks of `0x0062A370` are read as //! the setitems `slot` (+0x2E) bits of the worn pieces of the set (body //! locations, `0x0062A370` is not specified); "owned" follows §9 r1 over //! the model's item mo		recording	no	spec-settled REC-242->q-fix-item-tip-layout,q-fix-item-tip-props
-	crates/d2-client/src/ui/messages/chat.rs:396	d2-client/ui/messages	PROVISIONAL /// (specs/ui/messages.md §4 r1; REC-ui-chat-filter): bytes below 0x80 /// convert 1:1, higher bytes as Latin-1. pub fn set(&mut self, text: &[u8], c8: u8) -> PanelOutput { self.text = text .iter()		unstated	no	
-	crates/d2-client/src/ui/messages/dialog.rs:34	d2-client/ui/messages	PROVISIONAL (specs/ui/messages.md §7 r2; REC-ui-dialog-text): /// a text that ends with LF has no trailing empty line; an empty text has /// speed 8. pub fn parse_text(text: &[u16]) -> DialogText { let mut all: Vec<Vec<u16>> = Vec::new(); l		unstated	no	
-	crates/d2-client/src/ui/messages/hire.rs:122	d2-client/ui/messages	PROVISIONAL (specs/ui/messages.md §10 r2; REC-ui-stones): the /// reset also stores `now` as the time. pub fn step(&mut self, now: u32) { if self.time == 0 { self.counter = 0; self.time = now;		unstated	no	
-	crates/d2-client/src/ui/messages/hire.rs:195	d2-client/ui/messages	PROVISIONAL /// (specs/ui/messages.md §10 r2; REC-ui-stones): "passes" is read as /// f ≥ 1. pub fn stones(&self, counter: u32, sx: i32, sy: i32) -> Result<Vec<StoneDraw>, ScrollError> { let mut out = Vec::new(); for (i, &start) in STONE_ST		unstated	no	
-	crates/d2-client/src/ui/messages/overhead.rs:302	d2-client/ui/messages	PROVISIONAL (specs/ui/messages.md §5 r5; REC-ui-bubble-move): the /// slot holds the 400 × 280 candidate and the bubble keeps its own /// size at the candidate's origin. pub fn place(&mut self, rect: Ltrb, w: i32, h: i32) -> Option<Ltrb> { 		unstated	no	
-	crates/d2-client/src/ui/msg_ui.rs:212	d2-client/ui	PROVISIONAL (ui/messages.md §14 / client/msg-ui.md §16): no spec /// gives a writer of this UI global, so it stays 0 (the value the /// recorded 0x28 of A seq 37353 implies: it took B2); settled by a /// Ghidra xref scan of `[0x007C0C68]` w	a /// Ghidra xref scan of `[0x007C0C68]` writers. pub ui_7c0c68: u8, }	binary	no	
REC-278	crates/d2-client/src/ui/msg_ui_more.rs:146	d2-client/ui	PROVISIONAL (client/msg-ui.md §15; REC-278): no mercenary // dead until S→C 0x9B says so (a new character hires at once, // `menus.md` §3.4 needs `[0x00725494]` = 0xFFFF); settled by // a read of `[0x00725494]` at a join. merc_state: 0xFFFF	// a read of `[0x00725494]` at a join. merc_state: 0xFFFF, merc_7c0dd0	data	yes	
REC-728	crates/d2-client/src/ui/npc_talk.rs:20	d2-client/ui	PROVISIONAL: // the sound existence `0x004E0590 != 0` is the audio layer's), so the // C→S 0x4D goes out with it; // - the end callback `0x004B18C0` of an NPC topic opens the topic box // again; the topic box's cancel `0x004B5810` is the ta		recording	no	
REC-746	crates/d2-client/src/ui/npc_talk.rs:206	d2-client/ui	PROVISIONAL (REC-746): the /// box ignores the key until it was drawn more than 4 times (+0x54); /// that guard is not modelled. pub(super) fn esc_key(&mut self, guid: u32, ctx: &UiCtx) -> bool { let talk = self.st.borrow().talk.active; if 		unstated	no	
REC-268|REC-269	crates/d2-client/src/ui/original.rs:103	d2-client/ui	PROVISIONAL \ REC-269); the skill-specific `descdam` / `descatt` entries, the to-hit popups (need \ `monstats`) are not (Shift spends in chunks of 32, `panels.md` §8 r5, REC-268); the language \ is English (0, `ui/text.md` §1.2)", ), (		recording	no	
REC-707	crates/d2-client/src/ui/original.rs:740	d2-client/ui	PROVISIONAL, REC-707): a move or a press tracks // the hover; a release does not, so a use press's cleared // hover holds until the mouse moves (`a1-panel-cube` row 25). if matches!(e, UiEvent::CursorMoved(_) | UiEvent::Press { .. }) { self		unstated	no	
REC-726	crates/d2-client/src/ui/original_tests.rs:2233	d2-client/ui	PROVISIONAL REC-726 for the // Esc and non-command exemption in the host filter). // Covers: specs/ui/controls.md §4.1 r5 #[test] fn the_ui_hooks_move_the_key_mode() { let mut u = ui(Some(areas()), true);		data	yes	
REC-60	crates/d2-client/src/ui/panels/char_details.rs:89	d2-client/ui/panels	PROVISIONAL (specs/ui/panels-2.md §17 r5; REC-60): the case table's // contents are not in the spec; Latin-1 letters map to their capitals // (the table maps `m` and `M` both to `M`, `ui/text.md` Provenance). pub fn upper_latin1(u: u16) -> 		recording	no	spec-settled REC-60->q-fix-d2s-token-ref,q-fix-edit-scroll,q-fix-format-lookups
REC-707	crates/d2-client/src/ui/panels/inv_items.rs:583	d2-client/ui/panels	PROVISIONAL, REC-707): a use press clears the hover /// state (`0x007BCBE4`, `0x007BCBF4` := 0, as the equipment press of /// `panels-3.md` §29 r1 does), so the used item keeps its own tint until /// the mouse moves (`a1-panel-cube` row 25:		unstated	no	
REC-745	crates/d2-client/src/ui/panels/inv_items.rs:870	d2-client/ui/panels	PROVISIONAL (specs/ui/inventory.md §10 r4.2; REC-745): the press point. /// The drop cell (`0x00486BD0`, `ui/inventory.md` §10 r4.2): the cursor /// cell without the overflow returns. pub fn grid_drop_cell( g: &GridRecord, at: Point,		recording	no	
REC-707	crates/d2-client/src/ui/panels/inv_items_tests.rs:270	d2-client/ui/panels	PROVISIONAL, REC-707: `a1-panel-cube` row 25 draws the right-clicked // cube with its own tint) until the next move tracks it again. // Covers: specs/ui/inventory.md §3 r2 #[test] fn a_use_press_clears_the_hover_tint_until_the_mouse_moves()		unstated	no	
REC-721	crates/d2-client/src/ui/panels/inv_items_tint.rs:158	d2-client/ui/panels	PROVISIONAL (REC-721). The placement tint of `inventory.md` §4 for the cursor item over /// grid `g` (page `page`): drawn when the kept cursor cell is >= 0 and /// hover-in-grid is set (r2), not with the mouse at or below /// `screen_h - 0x		recording	no	
REC-60	crates/d2-client/src/ui/panels/waypoint_rows.rs:69	d2-client/ui/panels	PROVISIONAL (specs/ui/panels-3.md §26 r2; REC-60): the spec says // "tab t > 5 → done" but the table has the tabs 0–4 only; tab 5 reads // no row either. if tab > 4 { out.latch_cleared = true; return out;		recording	no	spec-settled REC-60->q-fix-d2s-token-ref,q-fix-edit-scroll,q-fix-format-lookups
-	crates/d2-client/src/ui/quest_log/mod.rs:377	d2-client/ui/quest_log	PROVISIONAL (specs/world/quests-status.md §4 rule 8; REC-nn): the // spec line "G.13 clear: G.15 clear, P.13 or P.1 → icon state 2" // is read as "G.15 clear, or P.13, or P.1" (the test vector q 9 with // empty P and G ends in state 2). let		unstated	no	
REC-155	crates/d2-client/src/world_view/disguise.rs:7	d2-client/world_view	PROVISIONAL (unit-composite.md §1.1, REC-155): the substitution applies //! whenever the model has the state, without the flag-ex bit 3 test (the //! client model keeps no flag-ex), and the states are tested in ascending //! id (the order o	a //! werewolf render capture. d2rs-own, unverified	data	yes	
-	crates/d2-client/src/world_view/input_script.rs:452	d2-client/world_view	PROVISIONAL: `play` counts the bridge's server /// ticks, which equal the server frame from frame 1; the events reach /// the UI on the next loop pass, not exactly at the poke point). Key /// steps run without using the tick up; [`InputScri		unstated	no	
REC-273	crates/d2-client/src/world_view/model_feed.rs:88	d2-client/world_view	PROVISIONAL REC-273)", ), ( "ViewFeed::tile_art, ViewSource::tile_blocks", "each record's DT1 entry (path, index) is known (`rooms.md` §9.3, `MapState::entry`), \ but the art's shade and blend and the per-block shading need the frame's ligh		data	yes	
REC-239	crates/d2-client/src/world_view/object_label.rs:5	d2-client/world_view	PROVISIONAL (REC-239; d2rs-own, unverified): no spec states the label //! (its font, colour, position or string source). The preview takes the //! hover pick (`bridge::hover::pick`), keeps objects only (unit type 2), //! and draws the name 		recording	no	spec-settled REC-239->q-fix-object-label,q-fix-object-overhead,q-fix-shrine-states
-	crates/d2-client/src/world_view/present.rs:1012	d2-client/world_view	PROVISIONAL (ui/controls.md §6 r7; controls-0001): // `0x00454970()` is not specified: the play area H − 40. skill_y_limit: crate::rules::camera::FrameSize::play().play_height(), mouse, game_menu_open: ui.original.as_ref().is_some_and(|o| o		binary	no	
-	crates/d2-client/src/world_view/preview_blocks.rs:10	d2-client/world_view	PROVISIONAL); //! - a tile whose light cannot be read (wall direction 0 or past 9, a grid //! index out of range) keeps its flat tile shade.		unstated	no	
REC-245	crates/d2-client/src/world_view/preview_light.rs:78	d2-client/world_view	PROVISIONAL /// REC-245); none: no unit is tinted. pub tints: Option<std::sync::Arc<super::state_tint::StateTints>>, /// The act tables of the frame, for the tint's remap map. pub tables: Option<ShadeTables>, /// The unit under the cursor (		recording	no	spec-settled REC-245->q-fix-preview-light,q-fix-state-tint
REC-703	crates/d2-client/src/world_view/skill_motion.rs:123	d2-client/world_view	PROVISIONAL (REC-703): the step is the class walk velocity (the /// barbarian's 6 gives the measured 0x6000) and the length is the /// `0x006417F0` metric (the path's own length is Euclidean); a length /// that is an exact multiple of the s		unstated	no	
REC-702	crates/d2-client/src/world_view/skill_motion.rs:272	d2-client/world_view	PROVISIONAL (REC-702): record /// 2, 3 of code 0x16 read as unit type / GUID (only point leaps and /// whirls are recorded). fn request_point(world: &ClientWorld, r: &ModeRequest) -> Option<(i32, i32)> { match r.code { 0x15 => Some((r.recor		unstated	no	
REC-702	crates/d2-client/src/world_view/skill_motion.rs:336	d2-client/world_view	PROVISIONAL, REC-702: the request's update is the first of /// mode 18; the facts show frame 0 the first update in mode 18). fn start( &mut self, world: &ClientWorld, row_of: &impl Fn(u16) -> Option<SkillRow>,		unstated	no	
REC-704	crates/d2-client/src/world_view/skill_motion.rs:356	d2-client/world_view	PROVISIONAL (REC-704): Leap Attack takes Leap's do (its // first event, frame 5) and hold (frame 11); only Leap is // recorded. LEAP | LEAP_ATTACK => SeqRun::leap(frames, to), WHIRLWIND => SeqRun::whirl(frames, to), _ => return,		unstated	no	
REC-51	crates/d2-client/src/world_view/unit_assets.rs:23	d2-client/world_view	PROVISIONAL until REC-51 records the client's turns): //! the local player's predicted facing ([`UnitArt::pose_dir`], from //! `bridge::predict`); for other units the `sim/pathing.md` §8.3 //! direction toward the target of a player's walk 		recording	no	spec-settled REC-51->q-fix-monster-modes
REC-441	crates/d2-client/src/world_view/unit_assets.rs:333	d2-client/world_view	PROVISIONAL (REC-441, measured: 1.14d's `a1-town-arrival-ama` draws /// `amTNhth.cof`'s layers as `AMTRlitTN1ht`, ..., `AMRAlitTNhth`, each /// with its layer's class). An empty layer class keeps the unit's. fn layer_weapon_class(layer: &Co		recording	no	
-	crates/d2-client/src/world_view/unit_assets.rs:657	d2-client/world_view	PROVISIONAL): a frame wider or taller /// than [`SPRITE_CACHE_SIDE`] has no cel, so it draws nothing; the frame /// stays in the set as an empty image, keeping every other index. pub fn sprite_cache_limit(mut set: FrameSet) -> FrameSet { fo		unstated	no	
-	crates/d2-client/src/world_view/unit_assets.rs:727	d2-client/world_view	PROVISIONAL): a DCC frame with w > 256 // or h > 256 draws nothing; frames up to 256 × 256 draw unchanged. #[test] fn sprite_cache_drops_frames_over_256() { let set = FrameSet { frames: vec![frame(256, 256), frame(257, 1), frame(1, 257), fr		unstated	no	
REC-273	crates/d2-client/src/world_view/unit_facts.rs:8	d2-client/world_view	PROVISIONAL (REC-273): the unit flag bits no model rule writes (flat //! 0x100000, the dead bit 0x10000 of a missile) read 0. The sight test //! (§15) runs over the client DRLG's collision grids ([`ClientRooms`]); //! a unit it cannot place		data	yes	
REC-512	crates/d2-client/src/world_view/unit_rules.rs:68	d2-client/world_view	PROVISIONAL (REC-512) for monsters // without a model frame and for missiles): the draw of tick T has // had T − 1 advances of the 8.8 rate. tick_frame(world.server_ticks, frames, rate) } }		unstated	no	
REC-516	crates/d2-client/src/world_view/unit_rules.rs:103	d2-client/world_view	PROVISIONAL REC-516): the frame at server tick `tick` of /// a walk or run whose mode started on `since` (kept across re-targeting /// clicks, restarted by a walk ↔ run change): `((tick − since) · speed >> /// 8) mod frames`. pub fn walk_fr		unstated	no	
REC-51|REC-286	crates/d2-client/src/world_view/visibility.rs:24	d2-client/world_view	PROVISIONAL (REC-286 (2)): the direction is the //! preview facing the view draws with (`UnitArt::dir64`, itself //! PROVISIONAL REC-51), as the model holds no client path record. //! //! [`UnitArt::cels`]: super::unit_assets::UnitArt::cels		recording	no	spec-settled REC-51->q-fix-monster-modes
REC-51	crates/d2-client/src/world_view/visibility.rs:26	d2-client/world_view	PROVISIONAL REC-51), as the model holds no client path record. //! //! [`UnitArt::cels`]: super::unit_assets::UnitArt::cels		recording	no	spec-settled REC-51->q-fix-monster-modes
REC-51	crates/d2-client/src/world_view/walk.rs:20	d2-client/world_view	PROVISIONAL (client/model.md OQ2; REC-51). Only //! `play` inserts it; the strict path never has one.		recording	no	spec-settled REC-51->q-fix-monster-modes
REC-1565	crates/d2-client/src/world_view/walk.rs:148	d2-client/world_view	PROVISIONAL REC-1565, [`crate::bridge::client_path::OtherUnit::object`]). pub fn other_objects( world: &ClientWorld, rows: &[crate::bridge::objects::ObjClientRow], ) -> Vec<crate::bridge::client_path::OtherUnit> { world		unstated	no	
REC-51	crates/d2-client/src/world_view/walk_room.rs:15	d2-client/world_view	PROVISIONAL (client/model.md OQ2; REC-51). Only //! `play` adds it.		recording	no	spec-settled REC-51->q-fix-monster-modes
REC-246	crates/d2-client/tests/app_a3_a5_waypoints.rs:6	d2-client/tests	PROVISIONAL (REC-246): the Kurast Docks //! waypoint object, the chain levels' waypoint indexes (`waypoints.tsv`).		recording	no	spec-settled REC-246->q-fix-level-connections,q-fix-quest-item-msg,q-fix-summit-gate,q-fix-warp-tile-unit
~REC-142	crates/d2-client/tests/app_a3_quests.rs:6	d2-client/tests	PROVISIONAL: Mephisto is spawned by hand (d2rs-own, unverified).		data	yes	
REC-99	crates/d2-client/tests/app_act_travel.rs:8	d2-client/tests	PROVISIONAL (REC-99): the tile creation, the 0x13 tile case.		recording	no	spec-settled REC-99->q-fix-warp-tile-restore
-	crates/d2-client/tests/app_andariel.rs:9	d2-client/tests	PROVISIONAL (REC in `docs/HANDOFF.md` §7): Andariel's link to chain 6; //! the quest events run when the tick returns; the synthetic Catacombs 4 //! is a flat level.		unstated	no	
REC-99	crates/d2-client/tests/app_level_warp.rs:8	d2-client/tests	PROVISIONAL (REC-99): the tile creation, the 0x13 tile case.		recording	no	spec-settled REC-99->q-fix-warp-tile-restore
REC-99	crates/d2-client/tests/app_waypoint_warp.rs:8	d2-client/tests	PROVISIONAL (REC-99): the tile creation, the 0x13 tile case.		recording	no	spec-settled REC-99->q-fix-warp-tile-restore
REC-594	crates/d2-client/tests/e2e_full_loop.rs:2019	d2-client/tests	PROVISIONAL, REC-594), d = the path direction, e = // unit +0xB0 (`Pending::unit_b0`'s default 0). No other S→C so far // but the join's 0x07s (frame 2): the unit-add / ground messages of // the missile and the drop belong to the per-unit u		unstated	no	
REC-95	crates/d2-client/tests/e2e_full_loop.rs:2039	d2-client/tests	PROVISIONAL, // REC-95); nothing else up to the hit. for f in before { let rest: Vec<_> = f.2.iter().filter(|m| m[0] != 0x4D).cloned().collect(); assert_eq!(rest, none, "no S→C up to the hit but the 0x4D echo"); }		recording	no	spec-settled REC-95->q-fix-door-highlight,q-fix-monster-update-steps,q-fix-player-mode-msgs,q-fix-skill-msg-level
REC-281	crates/d2-client/tests/e2e_full_loop.rs:2064	d2-client/tests	PROVISIONAL REC-281); inventory gold // reaches the client through the vitals sync (§10.3, `combat/vitals.md` // §5, not wired here). let gold_guid = fx.guid(gold); record( &mut fx,		recording	no	
REC-1565	crates/d2-client/tests/play_smoke.rs:2064	d2-client/tests	PROVISIONAL REC-1565: the client path sees the model's objects whose // `HasCollision` of their mode is set (`sim/path-placement.md` §2.5, §3), // so a walk onto a town torch (objects class 37) stops short of it, as // the server's does. #[		unstated	no	
-	crates/d2-native/src/tileset.rs:22	d2-native/src	PROVISIONAL (native-assets.md §2.3 r3): the spec sets no size limit; // real tiles span a few hundred pixels, so this only guards hostile input. const MAX_ASSEMBLED_PIXELS: u64 = 1 << 24;		recording	no	
REC-02	crates/d2-server/src/adapters/character.rs:374	d2-server/adapters	PROVISIONAL (formats/d2s-load.md §1 rule 1, §8 rule 3; // REC-02): with no provider for the entries the start // items grant (stat 107 on slot 0, `items/generation.md` // §10.3 step 2.3) the start skill is taken as present, // as in the fre		recording	no	spec-settled REC-02->q-fix-door-highlight,q-fix-monster-update-steps,q-fix-skill-msg-level
REC-291	crates/d2-server/src/adapters/character/save.rs:204	d2-server/adapters/character	PROVISIONAL (REC-291 (5)): the weapon class /// `0x0064F380` is the `wclass` index of the weapon in use (0 without /// one); it only matters for a crossbow (§4 r4). d2rs-own, unverified; /// settled by the C66 saves (`d2s-tool resave` again	the C66 saves (`d2s-tool resave` against the game's). pub fn equipment	recording	yes	
REC-161	crates/d2-server/src/adapters/handlers/items/moves.rs:175	d2-server/adapters/handlers/items	PROVISIONAL (REC-161): worn items attach their stats to the wearer. state.link_item_stats = true; Self { tables, state, rest,		data	yes	
REC-730	crates/d2-server/src/adapters/handlers/items/moves.rs:441	d2-server/adapters/handlers/items	PROVISIONAL, // REC-730: d2rs-own bookkeeping for the pass's place in the tick). let dropped = d.take_dropped(); let (mut sent, mut fatal) = (Vec::new(), Vec::new()); let mut announced = Vec::new(); let mut sounds = sounds.into_iter();		recording	no	
REC-281	crates/d2-server/src/adapters/handlers/items/moves.rs:542	d2-server/adapters/handlers/items	PROVISIONAL REC-281, d2rs-own, unverified). The // freed pile's removal is the tick's S→C 0x0A. let lists = &sim.game.lists; sim.announced_ground .retain(|&(_, u)| lists.unit(u).is_some_and(|e| e.room().is_some())); let clients = sim.client		recording	no	
REC-266	crates/d2-server/src/adapters/handlers/items/moves/preview_skills.rs:10	d2-server/adapters/handlers/items/moves	PROVISIONAL (REC-266, d2rs-own, unverified): the callback is run once //! after each item-move call rather than at each stat change (the stat //! lists have no skill-callback hook in the play host), `use_state` //! stays "usable", and a scr		recording	no	spec-settled REC-266->q-fix-item-type-test,q-fix-level-connections,q-fix-preview-skill-rest,q-fix-quest-items,q-fix-skill-stat-callback
REC-862	crates/d2-server/src/adapters/handlers/items/moves/preview_skills.rs:186	d2-server/adapters/handlers/items/moves	PROVISIONAL (REC-862): state 134 // (shrine skill, +2) is not staged here, so a skill shrine // active while the item is worn is not counted; settled by // reading the unit's states into the stage. let bonus = d2_sim::skills::bonus_level_of	// reading the unit's states into the stage. let bonus = d2_sim::skill	unstated	no	
REC-278	crates/d2-server/src/adapters/handlers/items/mutant_tests.rs:649	d2-server/adapters/handlers/items	PROVISIONAL REC-278): only the player's cursor item is taken; it leaves /// the cursor and is freed, and S→C 0x42 names the player whose cursor /// cleared (`client/msg-stats-items.md` §3 rule 1). Without inventory /// parts the wrapped wor		data	yes	
REC-278|REC-289	crates/d2-server/src/adapters/handlers/items/vendor_inv.rs:15	d2-server/adapters/handlers/items	PROVISIONAL REC-278), and the buy / sell //! seams of §7.1 r7–r9 and §7.2 r7 / r9 (q-fix-items-play): `find_tome` //! (`0x0055F640`), `add_to_tome` (`0x0055F6E0`, PROVISIONAL REC-289), //! `find_partial_stack` (`0x00577700`), `can_belt` (`0		data	yes	
REC-289	crates/d2-server/src/adapters/handlers/items/vendor_inv.rs:17	d2-server/adapters/handlers/items	PROVISIONAL REC-289), //! `find_partial_stack` (`0x00577700`), `can_belt` (`0x00628BA0`), //! `put_in_belt` (`0x0055E9B0` with find), `equip_ammo` (the equip try //! of §7.1.1), `lower_book_skill` (`0x00576E40`), `unequip` //! (`0x00560CD0`		recording	no	
REC-289	crates/d2-server/src/adapters/handlers/items/vendor_inv.rs:332	d2-server/adapters/handlers/items	PROVISIONAL (REC-289): its announcement is read as the one scroll /// onto a tome of `inventory-moves.md` §7.20 does: S→C 0x3E for stat /// 70 and `0x0055C070(k)` (the tome's skill count). fn add_to_tome(&mut self, tome: UnitId, k: i32) { i		recording	no	
REC-278	crates/d2-server/src/adapters/handlers/items/vendor_inv.rs:451	d2-server/adapters/handlers/items	PROVISIONAL REC-278). Without inventory parts: the wrapped world's. fn take_from_cursor(&mut self, player: UnitId, item: UnitId) -> bool { if self.inv.is_none() { return self.inner.take_from_cursor(player, item); } self.with_desk(|d| d.take		data	yes	
-	crates/d2-server/src/adapters/handlers/skills/world.rs:370	d2-server/adapters/handlers/skills	PROVISIONAL (use.md §4): where `0x0057FE90` / `0x0057FEF0` store // the point or unit target is not stated; the seam value keeps it // (`UseRest::keep_target`) for the skill's missile and checks. if self .with_sim(|sim, h| modes::set_mode(s		unstated	no	
REC-96	crates/d2-server/src/adapters/handlers/skills/world.rs:474	d2-server/adapters/handlers/skills	PROVISIONAL, REC-96). fn add_skill_level(&mut self, u: UnitId, skill: i32, cost: i32) { d2_sim::combat::vitals::VitalsUnits::add_base_stat( &mut self.u.cv.v, u, 5,		recording	no	
-	crates/d2-server/src/adapters/handlers/walk/tests.rs:1273	d2-server/adapters/handlers/walk	PROVISIONAL, `wiring::path::walk` /// `attach_run_stats`): the velocity stays 0x900 (§8.2) and the player /// advances +0x9000 a tick. Before the run list was wired the run moved /// at the walk's 0x600, a third slower than the client's run		unstated	no	
REC-99	crates/d2-server/src/adapters/handlers/world.rs:100	d2-server/adapters/handlers	PROVISIONAL (REC-99). Warps, }		recording	no	spec-settled REC-99->q-fix-warp-tile-restore
REC-99	crates/d2-server/src/adapters/handlers/world.rs:347	d2-server/adapters/handlers	PROVISIONAL, REC-99) by `player` on the tile with `guid`: the /// result code. `None`: no provider. fn warp_tile( &mut self, game: &mut Game, events: &mut D,		recording	no	spec-settled REC-99->q-fix-warp-tile-restore
REC-278	crates/d2-server/src/adapters/handlers/world.rs:852	d2-server/adapters/handlers	PROVISIONAL REC-278). let owner = Owner::player(guid); let mut listed = Vec::new(); if d.update_bits(owner) & 1 != 0 { match d2_sim::items::moves::update_list_pass(&mut d, guid, guid) { Ok(m) => listed = m,		data	yes	
REC-161	crates/d2-server/src/adapters/handlers/world.rs:1283	d2-server/adapters/handlers	PROVISIONAL (REC-161, d2rs-own, unverified): worn items feed the // wearer's stats, set bonuses included (`wiring/inventory/item_link.rs`). parts.state.link_item_stats = true; // The item-move effects (gold rest pile, 0x5D) on the desk. par		data	yes	
REC-100	crates/d2-server/src/adapters/handlers/world/hireling_drive.rs:19	d2-server/adapters/handlers/world	PROVISIONAL: //! REC-100 (docs/HANDOFF.md §7): no experience share, no drops, no //! get-hit, no skill pick (`hireling.txt` chances), no player-ward AI.		data	yes	
-	crates/d2-server/src/adapters/handlers/world/hireling_host.rs:167	d2-server/adapters/handlers/world	PROVISIONAL (hirelings.md §10 r3; REC-none): the slot is the // first slot of the list with that name id; a seller without an // NPC record or a hire list marks nothing. let slot = u16::try_from(plan.seller) .ok() .and_then(|c| self.npc.rec		unstated	no	
REC-281	crates/d2-server/src/adapters/handlers/world/item_approach.rs:10	d2-server/adapters/handlers/world	PROVISIONAL (REC-281, d2rs-own, unverified): the arrival test and the //! repeated 0x16 (1.14d keeps the interaction data −1 / −2 on the player //! and its walk end runs the pick-up); a new walk request drops the //! queued pick-up (`clear_		recording	no	
REC-115	crates/d2-server/src/adapters/handlers/world/item_save.rs:6	d2-server/adapters/handlers/world	PROVISIONAL (REC-115).		binary	no	
REC-136	crates/d2-server/src/adapters/handlers/world/tests/quests_act2.rs:5	d2-server/adapters/handlers/world/tests	PROVISIONAL (REC-136): the frame they run in.		recording	no	
REC-148	crates/d2-server/src/adapters/handlers/world/tests/quests_act5.rs:5	d2-server/adapters/handlers/world/tests	PROVISIONAL (REC-148): the //! frame they run in.		recording	no	
-	crates/d2-server/src/adapters/handlers/world/wired.rs:392	d2-server/adapters/handlers/world	PROVISIONAL: a failed encode skips the item. // `inventory-moves.md` §6.2 store check: the store stream // (alt-code for an unidentified quality 4–9 gamble item). let _ = d.send_store_item(player, item); } inv_take_sent(&mut d)		unstated	no	
REC-129	crates/d2-server/src/adapters/handlers/world/wired.rs:1063	d2-server/adapters/handlers/world	PROVISIONAL, REC-129). fn session_work(&mut self, game: &mut Game, events: &mut D) { // The monster init of a hireling the calls allocate needs the // lent world (`units.md` §3.1 step 7). events.lend_world(|a| { self.hireling_calls(game, a)		recording	no	
REC-246	crates/d2-server/src/adapters/handlers/world/wired.rs:1139	d2-server/adapters/handlers/world	PROVISIONAL, REC-246; d2rs-own, unverified). let difficulty = usize::from(econ.fields.difficulty).min(2); let mut flags = Vec::new(); let mut by_owner = Vec::new(); for u in econ .game		recording	no	spec-settled REC-246->q-fix-level-connections,q-fix-quest-item-msg,q-fix-summit-gate,q-fix-warp-tile-unit
REC-129|REC-136	crates/d2-server/src/adapters/handlers/world/wired/quest_events.rs:10	d2-server/adapters/handlers/world/wired	PROVISIONAL (REC-129; Act II hooks REC-136): the original calls these from inside monster //! init and the kill; here they run once per tick after the tick's //! steps, in the order links, kills. `// d2rs-own, unverified`.		recording	no	
REC-132|REC-142	crates/d2-server/src/adapters/handlers/world/wired/quest_events.rs:150	d2-server/adapters/handlers/world/wired	PROVISIONAL (REC-132, d2rs-own, unverified): no // spec links Andariel to chain 6. if w.monster_class(victim) == Some(ANDARIEL) { q.add_link(w, victim, 6, None); } // PROVISIONAL (REC-142, d2rs-own, unverified): the		data	yes	
REC-142	crates/d2-server/src/adapters/handlers/world/wired/quest_events.rs:155	d2-server/adapters/handlers/world/wired	PROVISIONAL (REC-142, d2rs-own, unverified): the // Guardian's link to Mephisto is by class, as // Andariel's; no spec names where chain 20 is added. if w.monster_class(victim) == Some(MEPHISTO) { q.add_link(w, victim, 20, None); }		data	yes	
REC-166|REC-167	crates/d2-server/src/adapters/handlers/world/wired/quest_events.rs:161	d2-server/adapters/handlers/world/wired	PROVISIONAL (REC-166, d2rs-own, unverified): the // Act IV links of monster creation (`quests-act4.md` // §8: 243 → chain 23, 409 → chain 24) by class, as // Mephisto's; a refused duplicate is harmless. // PROVISIONAL (REC-167, d2rs-own, un		data	yes	
REC-167	crates/d2-server/src/adapters/handlers/world/wired/quest_events.rs:165	d2-server/adapters/handlers/world/wired	PROVISIONAL (REC-167, d2rs-own, unverified): Duriel's // link to chain 13 is by class, as Andariel's. match w.monster_class(victim) { Some(DURIEL) => { q.add_link(w, victim, 13, None); }		data	yes	
REC-246	crates/d2-server/src/adapters/handlers/world/wired/quest_events.rs:194	d2-server/adapters/handlers/world/wired	PROVISIONAL (REC-246, d2rs-own, unverified): the exits close // only once the altar was used; the preview has no fight to // open them with, so a fresh game stays passable. summit = Some(act5::q5::summit_warp_open(q) || !act5::q5::altar_use		recording	no	spec-settled REC-246->q-fix-level-connections,q-fix-quest-item-msg,q-fix-summit-gate,q-fix-warp-tile-unit
REC-797	crates/d2-server/src/adapters/session.rs:475	d2-server/adapters	PROVISIONAL (REC-797): the player's act byte (+0x18) is the // client act from the join on; recorded 4 from frame 2 for a save in // Act V (traces/checks/a5-town-arrival-bar.check), and no spec names // the 1.14d writer (`sim/units.md` §2 l	PC 1 Step 4 "[q-play-act5] join act byte". if let Some(r) = a.sys.unit	recording	no	
-	crates/d2-server/src/adapters/session_flow.rs:501	d2-server/adapters	PROVISIONAL (intents-events.md §2.5 r3; no REC): game +0x8C // read as the game's client count (`monsters/ai.md` §5.2: "only // while game +0x8C ≤ 8" at a player join). let players = s.client_list().len() as u16; sent = out.send_direct(clie		unstated	no	
REC-260	crates/d2-server/src/adapters/sim.rs:125	d2-server/adapters	PROVISIONAL, /// REC-260, `// d2rs-own, unverified`). /// Whether the update pass announces ground items at all (the play /// host turns it on; the unit hosts keep the pass of the players' /// update lists only). pub announce_ground: bool,		recording	no	spec-settled REC-260->q-fix-ground-announce,q-fix-quest-items
REC-291	crates/d2-server/src/adapters/sim.rs:604	d2-server/adapters	PROVISIONAL // (flows/save-exit.md §3 r1): the file holds the state after steps // 6-11 of the frame, not the state at step 5; settled by REC-291 // (a save at a frame % 8192 = 0 tick). d2rs-own, unverified. if std::mem::take(&mut self.game	REC-291 // (a save at a frame % 8192 = 0 tick). d2rs-own, unverified	recording	yes	
REC-402	crates/d2-server/src/dispatch.rs:331	d2-server/src	PROVISIONAL (intents-events.md §2.4 r6; REC-402): the // rejection returns 2, as 0x14's strlen ≥ 256 does. match msg.get(3..).and_then(strlen) { Some(n) if n < 256 && n + 4 < msg.len() => {} _ => return Err(ResultCode::Invalid), }		recording	no	
REC-402	crates/d2-server/src/tests/messages.rs:304	d2-server/tests	PROVISIONAL REC-402). let handled = g.handled.len(); assert_eq!( run(&mut g, &[0x15, 1, 0, b'h', b'i', 0, 0]), ResultCode::Done );		recording	no	
REC-95	crates/d2-server/tests/e2e_night_world.rs:1322	d2-server/tests	PROVISIONAL, REC-95: // base + bonus), the path target (the spawn point the creation's // mode request wrote, `monsters/init.md` §4.1 step 1.1: (40013, // 40022)), w 0. let skill_4d = vec![0x4D, 1, 3, 0, 0, 0, 1, 0, 0, 0, 10, 77, 156, 86, 1		recording	no	spec-settled REC-95->q-fix-door-highlight,q-fix-monster-update-steps,q-fix-player-mode-msgs,q-fix-skill-msg-level
REC-402	crates/d2-server/tests/prop_transport.rs:275	d2-server/tests	PROVISIONAL code, REC-402). // A message shorter than its string's offset has no NUL: rejected. 0x15 => match msg.get(3..).unwrap_or(&[]).iter().position(|&c| c == 0) { Some(n) if n < 256 && n + 4 < size => {} _ => return Some(Invalid), },		recording	no	
REC-404	crates/d2-sim/src/drlg/outdoor/mutant_tests.rs:1552	d2-sim/drlg/outdoor	PROVISIONAL REC-404). if s != skip { let border = matches!(p, 4..=15 | 364..=375); g2.op(cx, cy, Op::AndNot, cell::FILE_MASK); g2.op( cx,		recording	no	
REC-1120	crates/d2-sim/src/drlg/outdoor/path_floor.rs:68	d2-sim/drlg/outdoor	PROVISIONAL (outdoor.md §7.5.3, REC-1120): a tie |dx| = |dy| is // drawn y-major; none of the 1,437 measured segments had one. if ay >= ax { for n in 0..=ay { let x = a.0 + sx * minor(n, ax, ay); let y = a.1 + sy * n;		unstated	no	
REC-404	crates/d2-sim/src/drlg/outdoor/tests.rs:1150	d2-sim/drlg/outdoor	PROVISIONAL, REC-404), here for a 3-file preset. let mut e = Env::new(4, 6, 6); e.od.presets[12].files = 3; e.od.subs.push(SubRow { type_: 1, file: b"b".to_vec(),		recording	no	
REC-404	crates/d2-sim/src/drlg/outdoor/tilesub.rs:20	d2-sim/drlg/outdoor	PROVISIONAL (§2.3, /// REC-404): file 0, the build list untouched. pub const SUB_STAMP_FILE: i32 = 0;		recording	no	
REC-404	crates/d2-sim/src/drlg/outdoor/tilesub.rs:326	d2-sim/drlg/outdoor	PROVISIONAL (outdoor-tilesub.md §2.3, // REC-404). self.stamp(cx, cy, p as u32, SUB_STAMP_FILE, true)?; } } } else if f & 2 != 0 {		recording	no	
REC-1400	crates/d2-sim/src/items/create.rs:400	d2-sim/items	PROVISIONAL (REC-1400, generation.md §6.1): 1.14d recording // `items-ground-many`: poked quality-2 items read flags 0x80010 while // magic / rare / set / unique read 0x10 clear, so the normal routine // leaves flag 0x10 (identified) set. S		recording	no	
REC-289	crates/d2-sim/src/items/inventory/equip.rs:153	d2-sim/items/inventory	PROVISIONAL (`inventory.md` §4.4 r4, REC-289): no spec gives the body /// of `0x0062A1E0`; read as items `1or2handed` ≠ 0 held by a player of /// class 4 (barbarian). Settled by a capture of `0x0062A1E0`. pub fn one_or_two_handed_for(t: &In	a capture of `0x0062A1E0`. pub fn one_or_two_handed_for(t: &InvTables	recording	no	
REC-513	crates/d2-sim/src/items/inventory/tables.rs:157	d2-sim/items/inventory	PROVISIONAL, REC-513): the /// bin's `class` of an empty cell is 0xFF (`link8` miss); the class /// getter's "none" is 7, so every value ≥ 7 is none. pub fn type_class(raw: u8) -> u8 { if raw >= CLASS_NONE { CLASS_NONE		unstated	no	
REC-141	crates/d2-sim/src/items/moves/ground.rs:164	d2-sim/items/moves	PROVISIONAL REC-141): no spec states the /// client's view of the corpse creation's item moves. fn gone_from<W: MoveWorld>(w: &mut W, p: Owner, item: Guid) { w.send( p, crate::units::messages::remove_unit(Owner::ITEM, item).to_vec(),		recording	no	
REC-141	crates/d2-sim/src/items/moves/ground.rs:178	d2-sim/items/moves	PROVISIONAL REC-141). True when every item moved. pub fn corpse_fill<W: MoveWorld>(w: &mut W, p: Owner, c: Owner) -> Result<bool, MoveFatal> { if !w.has_inventory(p) || !w.has_inventory(c) { return Ok(false); } let mut all = true;		recording	no	
-	crates/d2-sim/src/items/moves/handlers.rs:902	d2-sim/items/moves	PROVISIONAL, the // item-use spec `0x005BF240` is unwritten). if &w.code(i) == b"box " { return if w.open_cube(p, i) { Outcome::DONE } else {		binary	no	
-	crates/d2-sim/src/monsters/ai/bodies4.rs:931	d2-sim/monsters/ai	PROVISIONAL (monsters/ai-bodies-4.md §8): X = 0 here reads a // null unit in 1.14d; the walk goes to (0, 0); settled by a bin // read (likely unreachable). let (xx, xy) = x.map_or((0, 0), |x| cx.world.position(x)); walk_to_point(game, cx, u	a bin // read (likely unreachable). let (xx, xy) = x.map_or((0, 0), |x	unstated	no	
REC-80	crates/d2-sim/src/monsters/ai/bodies7.rs:1675	d2-sim/monsters/ai	PROVISIONAL (monsters/ai-bodies-7.md §27 step 8; REC-80): the n, // near, best and notable tests are independent of each other (a U // beyond 1024 skips only n). let d = sq_dist(cx, u, v); if d <= 1024 { r.n += 1;		binary	no	spec-settled REC-80->q-fix-boss-restore-origin
REC-82	crates/d2-sim/src/monsters/ai/bodies7.rs:1933	d2-sim/monsters/ai	PROVISIONAL (monsters/ai-bodies-7.md §27 step 12 aitype 1; // REC-82): "the unit lacks it → s := 0" ends the case (no // pick, no draw). HIGH-PRIORITY CAPTURE (RNG draw order). if aura > 0 && !cx.world.has_state(u, aura as u16) { 0 } else {		recording	no	spec-settled REC-82->q-fix-monster-mode-missile,q-fix-shadowmaster-scan
REC-82	crates/d2-sim/src/monsters/ai/bodies7.rs:2014	d2-sim/monsters/ai	PROVISIONAL (monsters/ai-bodies-7.md §27 step // 12; REC-82): a non-progressive aitype 12 skill // takes the non-progressive rule given for aitype // 4. HIGH-PRIORITY CAPTURE (RNG draw order). if a.a1h > 0 && !k.pg { base -= 10;		recording	no	spec-settled REC-82->q-fix-monster-mode-missile,q-fix-shadowmaster-scan
REC-80	crates/d2-sim/src/monsters/ai/forced.rs:86	d2-sim/monsters/ai	PROVISIONAL (ai.md §5.1; REC-80): kinds ≥ 5 have no jump-table // case; the setter never stores them (k < 5), so none is found. _ => None, }; // 4. let accept = found.filter(|&(u, _)| match w.unit_type(u) {		binary	no	spec-settled REC-80->q-fix-boss-restore-origin
REC-501	crates/d2-sim/src/monsters/ai/tactics.rs:494	d2-sim/monsters/ai	PROVISIONAL (§7.2, REC-501): the geometry is D2MOO's and unread in /// 1.14d; this reading reproduces the three recorded walks of Warriv at /// the Rogue Encampment arrival (`-seed 1234`, player at (4873, 4228)): /// from (4866, 4235) with 	`pc1-data.md` Step 4 "walk in	unstated	no	
REC-1030	crates/d2-sim/src/monsters/init/create.rs:377	d2-sim/monsters/init	PROVISIONAL (REC-1030; bodies.md §6.5 step 9): no // owner item there, no item. match owner.and_then(|o| h.owner_item_code(o, loc)) { Some(c) => item = c, None => { i += 1;		recording	no	
REC-80	crates/d2-sim/src/monsters/mutant_tests/population.rs:892	d2-sim/monsters/mutant_tests	PROVISIONAL, REC-80): a point outside the asked room's box but // inside its own room's box is accepted there. let t = tables(); let mut st = state_with(&t, 2); let mut f = Fake::new(); let r1 = RoomId(1);		binary	no	spec-settled REC-80->q-fix-boss-restore-origin
REC-80	crates/d2-sim/src/monsters/mutant_tests/population.rs:974	d2-sim/monsters/mutant_tests	PROVISIONAL (§11.5 r6; REC-80): an id with no TSV row and no rule // makes nothing and draws nothing. let t = tables(); let mut st = state_with(&t, 2); let mut f = Fake::new(); use crate::monsters::population::seams::PopWorld;		binary	no	spec-settled REC-80->q-fix-boss-restore-origin
REC-80	crates/d2-sim/src/monsters/population/preset.rs:218	d2-sim/monsters/population	PROVISIONAL (monsters/population.md §11.5 rule 6; REC-80): an id the TSV // does not list (and no rule names) creates nothing and draws nothing. pub fn special(id: i32) -> Option<&'static SpecialPreset> { SPECIAL_PRESETS.iter().find(|r| r.i		binary	no	spec-settled REC-80->q-fix-boss-restore-origin
REC-81	crates/d2-sim/src/monsters/population/preset.rs:481	d2-sim/monsters/population	PROVISIONAL (monsters/population.md §11.4 row hcIdx 10; // REC-81): the `roll(5)` is on the boss's unit seed and each // spawn is in mode 1. HIGH-PRIORITY CAPTURE (RNG draw order). let n = cx.host.unit_seed(boss).roll(5) as i32 + 2; for _ i		recording	no	spec-settled REC-81->q-fix-boss-restore-origin
REC-80	crates/d2-sim/src/monsters/population/spawn.rs:86	d2-sim/monsters/population	PROVISIONAL (monsters/population.md §6.3; REC-80): the creation mode // is 1 (neutral), as for every other population spawn. let mode = 1; let at = |cx: &mut Ctx<'_, H>, room: RoomId, x, y, r, f| { let req = placement::SpawnReq { room: Some		binary	no	spec-settled REC-80->q-fix-boss-restore-origin
REC-80	crates/d2-sim/src/monsters/population/spawn.rs:117	d2-sim/monsters/population	PROVISIONAL (monsters/population.md §6.3 r4; REC-80): the // room passed on is the room holding the nearest free // point. let (fr, px, py) = cx.host.nearest_free_point(room, x, y)?; at(cx, fr, px, py, -1, f) })		binary	no	spec-settled REC-80->q-fix-boss-restore-origin
REC-80	crates/d2-sim/src/monsters/population/spawn.rs:309	d2-sim/monsters/population	PROVISIONAL (monsters/population.md §10.3 r1; REC-80): owner // data and minion list as in 10.2.3, unconditional (no // `SetBoss` test inside 0x005B2570). cx.host.set_owner_data(m, OwnerKey::DataOf(leader), 1, 0, 0); cx.host.add_minion(lead		binary	no	spec-settled REC-80->q-fix-boss-restore-origin
REC-753	crates/d2-sim/src/path/walk/find.rs:313	d2-sim/path/walk	PROVISIONAL (§4 rule 3, q-diff-combat-a1 REC-753): a found point // equal to the start returns 0 with the target unchanged. Measured on // 1.14d (Warriv's straight walk-in-radius onto a cell a zombie holds: // p0's first step lands on the s		unstated	no	
REC-461	crates/d2-sim/src/skills/sequences.rs:173	d2-sim/skills	PROVISIONAL (sequences.md §1 rule 5, REC-461): `0x00659E30(s)` is // read as the frame list of the `monseq` rows of sequence s (their // 6-byte rows have §3's frame layout: +2 mode, +3 frame, +5 event), // length and count = their number; s	a read of `0x00659E30` // or a Lightning Sentry recording (R-SENTRY-1:	recording	no	
REC-700	crates/d2-sim/src/skills/use_/bodies/b4_mon.rs:1073	d2-sim/skills/use_/bodies	PROVISIONAL (missiles.md §R2.2, REC-700): `bodies-3.md` §5.18 step 3 // states the tests for the argument 1 only; with 0 (the monster attack // event of a non-moving mode, `skills/use.md` §5.2) they are skipped // here. d2rs-own, unverified		unstated	no	
REC-150	crates/d2-sim/src/skills/use_/bodies/passive.rs:10	d2-sim/skills/use_/bodies	PROVISIONAL (REC-150), `// d2rs-own, unverified`.		data	yes	
REC-155	crates/d2-sim/src/stats/states.rs:100	d2-sim/stats	PROVISIONAL (unit-composite.md §1.1, REC-155): the load-time list // (data tables +0x17C) is read in ascending state id; 1.14d's order // is not stated (only 139 `wolf` and 140 `bear` can be on together // with another, and the two exclude 		data	yes	
REC-701	crates/d2-sim/src/units/dispatch.rs:230	d2-sim/units	PROVISIONAL (sim/units.md §4.2; REC-701): the frame code of // the type-0 timer (arg 1) is stored in +0x4E here; which code // writes it is not specified. The every-tick event of a moving // mode (§4.4, args 0) is no frame event: +0x4E stay		binary	no	
REC-1270	crates/d2-sim/src/wiring/action/ai.rs:470	d2-sim/wiring/action	PROVISIONAL (q-fix-ass-traps, REC-1270): the filter `0x005DC970` /// beyond alive / hostile and `0x005DD510`'s other branches are not /// applied; settled by the ass-lightning-sentry-hit check. fn secondary_target(&mut self, game: &mut Game	the ass-lightning-sentry-hit check. fn secondary_target(&mut self, gam	unstated	no	
REC-1270	crates/d2-sim/src/wiring/action/ai.rs:501	d2-sim/wiring/action	PROVISIONAL (specs/monsters/ai.md §5.3 step 1, REC-1270): a // monster candidate in the scanner's melee range (`0x00622C40` // step 3: d ≤ 0, or d ≤ `MeleeRng` + 1; the line a → c is not // tested) is skipped, whatever its states; 1.14d: a 		unstated	no	
REC-1110	crates/d2-sim/src/wiring/action/ai.rs:1084	d2-sim/wiring/action	PROVISIONAL (hit.md §7.3 step 3, REC-1110): `MeleeRng` 255 reads /// the unit's weapon class in its current mode; monsters carry no /// weapon here, so it is reach 0. fn monster_in_melee_range(&self, game: &Game, a: UnitId, b: UnitId) -> Op		unstated	no	
-	crates/d2-sim/src/wiring/action/death.rs:17	d2-sim/wiring/action	PROVISIONAL (sim/units.md §4.5): of `0x00580EC0` (before and after // `0x00580F59`) and `0x0057FCA0` (character save) only the calls above // run; settled by a bin read and a save capture on death (HIGH PRIORITY: // saved bytes).	a bin read and a save capture on death (HIGH PRIORITY: // saved bytes	recording	no	
REC-281	crates/d2-sim/src/wiring/action/dispatch.rs:272	d2-sim/wiring/action	PROVISIONAL, REC-281). fn send_removed_items(&mut self, game: &mut Game, client: ClientId) { let h = &mut self.sys.hooks; if h.removed_items.is_empty() { return; }		recording	no	
REC-281	crates/d2-sim/src/wiring/action/dispatch.rs:301	d2-sim/wiring/action	PROVISIONAL /// (REC-281): the records are the freed ground items' /// (`ActionHooks::removed_items`). fn send_removed_units(&mut self, game: &mut Game, client: ClientId) { self.send_removed_items(game, client); // The room delete lists (`t		recording	no	
REC-405	crates/d2-sim/src/wiring/action/dispatch.rs:483	d2-sim/wiring/action	PROVISIONAL (REC-405; d2rs-own, unverified): the refresh's item and /// skill steps (§5.7 steps 1–7) are not run here: they belong to the /// host's inventory model, which the tick hooks do not hold. Its 0x48 /// is sent at the spec's place		recording	no	
REC-405	crates/d2-sim/src/wiring/action/dispatch.rs:579	d2-sim/wiring/action	PROVISIONAL (REC-405): /// the pass's item steps are not run here. fn refresh_inventory(&mut self, game: &mut Game, client: ClientId) { let Some(p) = game.lists.client(client).and_then(|c| c.player) else { return; };		recording	no	
~REC-401|REC-406	crates/d2-sim/src/wiring/action/dispatch.rs:614	d2-sim/wiring/action	PROVISIONAL (no REC; `docs/handoff/pc1-data.md` Step 4): the 0x8E // flag byte (1 = assign, the counterpart of the corpse-take's flag 0) // is not read from `0x0053DFB0`'s caller. fn join_sequence(&mut self, game: &mut Game, client: ClientI		unstated	no	
REC-97	crates/d2-sim/src/wiring/action/dying.rs:9	d2-sim/wiring/action	PROVISIONAL (sim/pathing.md §10 r2: the death rows of the player //! update function are not specified; REC-97): the S→C message is 0x0D //! PlayerStop with the client's mode-request code 8 (DT) / 9 (DD) //! (`client/model.md` §8 r4), the p		binary	no	
REC-282	crates/d2-sim/src/wiring/action/dying.rs:88	d2-sim/wiring/action	PROVISIONAL (REC-282): where the original puts it is not specified; /// it is made where the player is at the join (no room yet). pub fn load_corpse(&mut self, game: &mut Game, p: UnitId) -> Option<UnitId> { let s = &mut self.sys; let mut s		recording	no	
REC-411	crates/d2-sim/src/wiring/action/event_records.rs:43	d2-sim/wiring/action	PROVISIONAL (REC-411): the unit of the message is the unit the record // sits on (the writer's unit is the landing caster); settled by a 1.14d // recording of a Leap landing (the 0xA5 bytes). Landing { skill: u16 }, /// 0xAB (`0x00571A10`, 	a 1.14d // recording of a Leap landing (the 0xA5 bytes). Landing { ski	recording	no	
REC-230	crates/d2-sim/src/wiring/action/inactive.rs:11	d2-sim/wiring/action	PROVISIONAL, REC-230); //! [`ActionHooks::enable_inactive_store`] turns it on. //! //! The facts come from the game's tables where it has them (leveldefs //! `SaveMonsters` and the `objects` rows of the object state, monstats2 //! `restore`		data	yes	spec-settled REC-230->q-fix-level-connections,q-fix-warp-tile-restore
REC-287	crates/d2-sim/src/wiring/action/inactive.rs:250	d2-sim/wiring/action	PROVISIONAL (REC-287). if stored { self.remove(game, u); } return; }		data	yes	
REC-287	crates/d2-sim/src/wiring/action/inactive.rs:438	d2-sim/wiring/action	PROVISIONAL (REC-287): the owner re-link `0x0058F350` // has no written body; the pet keeps its owner's lists. self.replace_kept(game, room, UnitType::Monster, rec.guid, rec.x, rec.y); return; } MonsterRestore::Spawn { kind, mode } => (kind		data	yes	
REC-287	crates/d2-sim/src/wiring/action/inactive.rs:447	d2-sim/wiring/action	PROVISIONAL (REC-287): the record's alignment (bit 0x100, // good) is the allocation's allied flag. let req = AllocRequest { ty: UnitType::Monster, class: rec.class, room: Some(room),		data	yes	
REC-287	crates/d2-sim/src/wiring/action/inactive.rs:466	d2-sim/wiring/action	PROVISIONAL (REC-287): the umod run (`0x005A2120`, umods // 1–4 and the list) is not repeated. let Some(m) = self.h.monster_world.as_mut().and_then(|w| w.monster_mut(u)) else { return; }; m.umods = rec.umods;		data	yes	
REC-287	crates/d2-sim/src/wiring/action/inactive.rs:592	d2-sim/wiring/action	PROVISIONAL (REC-287): the spec names the event-2 // re-schedules without their time: one refill event at frame + // `Parm0` + 1 (the operate's cadence, `objects.md` §11) while // below the cap; the mode stays the stored one. let period = i		data	yes	
REC-230	crates/d2-sim/src/wiring/action/inactive.rs:622	d2-sim/wiring/action	PROVISIONAL (REC-230); d2rs-own, unverified. fn compress_fallback_tile(&mut self, game: &mut Game, room: RoomId, u: UnitId) { let Some((act, at)) = self.node_key(game, room) else { return; }; let Some(r) = self.units.get(u) else {		data	yes	spec-settled REC-230->q-fix-level-connections,q-fix-warp-tile-restore
REC-230	crates/d2-sim/src/wiring/action/inactive.rs:650	d2-sim/wiring/action	PROVISIONAL (REC-230); d2rs-own, unverified. pub fn restore_fallback_tiles(&mut self, game: &mut Game, room: RoomId) { let Some((act, (x, y))) = self.node_key(game, room) else { return; }; let Some(node) = self.h.fallback_tiles.take(act, x,		data	yes	spec-settled REC-230->q-fix-level-connections,q-fix-warp-tile-restore
REC-281	crates/d2-sim/src/wiring/action/mod.rs:259	d2-sim/wiring/action	PROVISIONAL (REC-281): /// the record-making path is not specified; only ground items are /// recorded. pub removed_items: Vec<(u32, crate::units::RoomId)>, /// The loaded `AnimData.d2` (`formats/animdata.md`, parsed by /// `d2-formats`): t		recording	no	
REC-230	crates/d2-sim/src/wiring/action/mod.rs:369	d2-sim/wiring/action	PROVISIONAL (REC-230): the /// tile part of the store without the rest of it. d2rs-own, /// unverified. pub fallback_tiles: crate::units::inactive::InactiveStore, /// Seams with no provider yet. pub x: X,		data	yes	spec-settled REC-230->q-fix-level-connections,q-fix-warp-tile-restore
-	crates/d2-sim/src/wiring/action/monster_add.rs:209	d2-sim/wiring/action	PROVISIONAL (intents-events.md §7.2): u16@5 of 0x98 // (`0x0053E0A0`) is 0; settled by a capture of a class-528 // monster's add messages. self.h.x.send(receiver, &messages::unknown98(guid, 0)); } for (skill, base, bonus) in self.h.x.monste	a capture of a class-528 // monster's add messages. self.h.x.send(rece	recording	no	
REC-1090	crates/d2-sim/src/wiring/action/monster_death.rs:157	d2-sim/wiring/action	PROVISIONAL (units.md §4.6 rule 3.1, REC-1090): the direction is taken // between the two path positions in sub-tiles (the coordinates // `0x0064FDC0` feeds are not stated, `skills/bodies-3.md` §3.8); settled // by the d byte of a kill's S→		recording	no	
-	crates/d2-sim/src/wiring/action/objects.rs:748	d2-sim/wiring/action	PROVISIONAL (objects.md §8.2, §10; path-placement.md §5.2; REC-none): // the free `0x00623830` is read as the box clear `0x0064DC00` with the // class's footprint mask at the object's room and position, with no // `HasCollision` test (its c	a // collision-grid capture around a door opening and a chest opening	recording	no	
REC-260	crates/d2-sim/src/wiring/action/objects.rs:781	d2-sim/wiring/action	PROVISIONAL, REC-260). fn with_drops<R>( &mut self, f: impl FnOnce( &mut super::ActionHooks<X>, &mut crate::units::hooks::Sim<'_>,		recording	no	spec-settled REC-260->q-fix-ground-announce,q-fix-quest-items
REC-93	crates/d2-sim/src/wiring/action/objects.rs:942	d2-sim/wiring/action	PROVISIONAL (audio/triggers-2.md §14 r2; REC-93; settled by a recording of a chest // unlocked with a key, count of 0x2C event 11): the slot and flag 0x400 // stay set after the at-once send, so the player's unit update // of the same tick 	a recording of a chest // unlocked with a key, count of 0x2C event 11	recording	no	
REC-260	crates/d2-sim/src/wiring/action/objects.rs:1206	d2-sim/wiring/action	PROVISIONAL, REC-260). fn chest_drop(&mut self, op: &Operate, q: u8) -> Option<UnitId> { let mut d = self.v.h.object_drops.take()?; let t = self.tables.clone(); let out = { let mut sim = crate::units::hooks::Sim {		recording	no	spec-settled REC-260->q-fix-ground-announce,q-fix-quest-items
-	crates/d2-sim/src/wiring/action/objects.rs:1239	d2-sim/wiring/action	PROVISIONAL (objects.md §8.1 rule 7; REC-none): quality 2 (normal): // `items/quality.md` OQ2 gives 2 or 7 for every `0x00559A30` site // but the Cow King's, without naming the chest's; settled by a // capture of a chest with a drop code. f	a // capture of a chest with a drop code. fn drop_item_code(&mut self	recording	no	
-	crates/d2-sim/src/wiring/action/objects.rs:1304	d2-sim/wiring/action	PROVISIONAL (objects.md §9.1 r3; d2rs-own, unverified): the sim holds // no string tables, so the record's text is the decimal string id // (`"%d"`, 3683 + shrine id); the client resolves it against its // string tables (REC-new, docs/hando		unstated	no	
REC-239|REC-263	crates/d2-sim/src/wiring/action/objects.rs:1332	d2-sim/wiring/action	PROVISIONAL (d2rs-own, unverified; REC-239, REC-263): the state table // check and the refresh of a list of the same state are wired; the curse // and monster rules do not apply to a player's shrine state. The shrine // remove callbacks `0x		recording	no	spec-settled REC-239->q-fix-object-label,q-fix-object-overhead,q-fix-shrine-states
REC-263	crates/d2-sim/src/wiring/action/objects.rs:1348	d2-sim/wiring/action	PROVISIONAL (REC-263; d2rs-own, unverified): the skill and level // the shrine's request carries are not stated; taken as equal. if let Some(old) = self.v.state_list(p, state) { if req.duration != 0 { self.v.stats.set_expire(old, end); if l		recording	no	
REC-279	crates/d2-sim/src/wiring/action/switch.rs:27	d2-sim/wiring/action	PROVISIONAL fields //! ([`corpse_assign`], REC-279); //! - rule 4's portal-flag record update (`0x0061AE30`).		data	yes	
REC-279	crates/d2-sim/src/wiring/action/switch.rs:78	d2-sim/wiring/action	PROVISIONAL (REC-279; d2rs-own, unverified): the fields of the part-B // call `0x0053DA40` are not in any spec. Read as flag 1 with the corpse // in both GUID fields: the client's 0x74 (`client/msg-units.md` §7 r7) // then sets the corpse u	a 1.14d capture of a	data	yes	
REC-279	crates/d2-sim/src/wiring/action/switch.rs:538	d2-sim/wiring/action	PROVISIONAL REC-279). // Covers: specs/sim/intents-events.md §7.2 #[test] fn corpse_assign_bytes() { assert_eq!( super::corpse_assign(0x0102_0304),		data	yes	
-	crates/d2-sim/src/wiring/action/town_portal.rs:194	d2-sim/wiring/action	PROVISIONAL (sim/path-placement.md §7.3): a host that has not /// loaded `ExpField.D2` (`PathState::field` none, as the play host) /// runs the same search without the field test (`0x0064E7B0`). fn portal_spot(&self, room: RoomId, p: &mut P		unstated	no	
-	crates/d2-sim/src/wiring/action/town_portal.rs:228	d2-sim/wiring/action	PROVISIONAL (objects-2.md §25 rules 9, 11): the populate /// `0x0052D0F0` of the spawn rooms S and T is left to the next tick's /// room pass (the view has no population host); the draws of that /// population come one step later than in 1.		unstated	no	
-	crates/d2-sim/src/wiring/action/town_portal.rs:371	d2-sim/wiring/action	PROVISIONAL (objects-2.md §27.1 step 3): a player in no room (no // level) is refused like a town; the original reads the town test // of a null room. let Some(level) = level else { return (0, false); };		unstated	no	
REC-95	crates/d2-sim/src/wiring/action/unit_update/skill_message.rs:79	d2-sim/wiring/action/unit_update	PROVISIONAL (sim/pathing.md §10 rule 2): the table's non-walk rows // are not specified; read as `0x00548090` → `0x0053D530` / `0x0053D4D0` // (intents-events.md §3.5 rule 5 caller, flag 0, w 0) for the skill // modes; settled by REC-95. pu	REC-95. pub fn player_skill_mode(mode: u32) -> bool { matches!(mode, 7	recording	no	spec-settled REC-95->q-fix-door-highlight,q-fix-monster-update-steps,q-fix-player-mode-msgs,q-fix-skill-msg-level
REC-95	crates/d2-sim/src/wiring/action/unit_update/skill_message.rs:104	d2-sim/wiring/action/unit_update	PROVISIONAL (sim/intents-events.md §7.4 rule 3): "level" is // read as the entry's base + bonus level (+0x28 + +0x2C), as a // byte; settled by REC-95. let b = e.base.wrapping_add(e.level_bonus).clamp(0, 255) as u8; let m = match target { S	REC-95. let b = e.base.wrapping_add(e.level_bonus).clamp(0, 255) as u8	recording	no	spec-settled REC-95->q-fix-door-highlight,q-fix-monster-update-steps,q-fix-player-mode-msgs,q-fix-skill-msg-level
REC-95	crates/d2-sim/src/wiring/action/unit_update/tests.rs:573	d2-sim/wiring/action/unit_update	PROVISIONAL (pathing.md §10 r2; REC-95): a player entering a skill /// mode (A1) with a used skill sends 0x4C on its path's target unit, to /// its own client too; a walk mode still sends nothing to it. /// Block sends the 0x0D stop row. //		recording	no	spec-settled REC-95->q-fix-door-highlight,q-fix-monster-update-steps,q-fix-player-mode-msgs,q-fix-skill-msg-level
REC-890	crates/d2-sim/src/wiring/action/unit_update/tests.rs:753	d2-sim/wiring/action/unit_update	PROVISIONAL (ai.md §7.5 r8 vs intents-events.md §7.4 r5, REC-890): // §7.5 r8 names 0x67 code 7; the builder's owner spec §7.4 r5 sends // mode 1 as 0x6D at the cell. One mode message either way. let all = sent(&mut fx); assert!(!all.iter()		unstated	no	
REC-263	crates/d2-sim/src/wiring/action/units.rs:302	d2-sim/wiring/action	PROVISIONAL (REC-263; d2rs-own, unverified): the bodies of the shrine // callbacks `0x00583BD0` / `0x00583A40` are unwritten. Each runs the // default (state off) and the stamina one also clamps stamina to its // maximum (the shrine set sta		recording	no	
REC-731	crates/d2-sim/src/wiring/action/units.rs:311	d2-sim/wiring/action	PROVISIONAL (REC-731): "state off" read as the toggle with // the update-queue insert `0x00639DB0` (`stat-lists.md` §9.2), // so the client pass sends S→C 0xA9. Recorded 2026-10-09: the // `manapot` list freed at full mana (no mana change t		unstated	no	
REC-592	crates/d2-sim/src/wiring/action/units.rs:419	d2-sim/wiring/action	PROVISIONAL (units.md §4.1, REC-592): the player/monster branch of // `0x00624390` is not written in a spec; it is taken to set +0x48 and // +0x4C as the prepare step `0x005533D0` does for a plain animation // (a 1.14d player standing in to		recording	no	
REC-281	crates/d2-sim/src/wiring/action/units.rs:756	d2-sim/wiring/action	PROVISIONAL (REC-281): the footprint is not moved /// (the item's footprint is not removed when it leaves the ground /// either, `View::path_free`). fn ground_item_placed(&mut self, item: UnitId, room: crate::units::RoomId, x: i32, y: i32) 		recording	no	
REC-593	crates/d2-sim/src/wiring/action/units.rs:1446	d2-sim/wiring/action	PROVISIONAL (data/fixups.md §8, REC-593): the COF name of the // lookup is the host's composer ([`Pending::anim_name`]), not the // fixup's own monster composer (token + mode + monstats2 `BaseW`). fn monster_walk_speed(&self, unit: UnitId, 		recording	no	
REC-99	crates/d2-sim/src/wiring/action/warp_tile.rs:18	d2-sim/wiring/action	PROVISIONAL (REC-99): no spec says what the 0x13 handler checks before //! `0x005550B0` (`path-placement.md` §12.2 names only the caller //! `0x00548C32`). d2rs runs the warp when the tile exists; the result is //! 0 for a warp run, else 1.		recording	no	spec-settled REC-99->q-fix-warp-tile-restore
REC-124|REC-167	crates/d2-sim/src/wiring/action/warp_tile.rs:34	d2-sim/wiring/action	PROVISIONAL (REC-124); d2rs-own, unverified. pub const HOST_MONSTER_PRESET: u32 = 6; /// Preset unit type for an object the host's level types provider lists /// (q-a2-duriel, REC-167; d2rs-own, unverified): created through the /// object s		recording	no	
REC-99	crates/d2-sim/src/wiring/action/warp_tile.rs:166	d2-sim/wiring/action	PROVISIONAL (REC-99): a preset whose unit (same class and /// position) is already in the room is skipped; for a tile only /// [`Self::spawn_missing_tile`] (the warp arrival into a room not yet /// populated) makes one. d2rs-own, unverified		recording	no	spec-settled REC-99->q-fix-warp-tile-restore
REC-99	crates/d2-sim/src/wiring/action/warp_tile.rs:228	d2-sim/wiring/action	PROVISIONAL (REC-99): 1.14d returns no tile and the /// warp does nothing; d2rs runs the 0x13 warp from any distance /// (see the module note), so the far room can be unpopulated. /// d2rs-own, unverified. pub fn spawn_missing_tile( &mut se		recording	no	spec-settled REC-99->q-fix-warp-tile-restore
REC-108|REC-235	crates/d2-sim/src/wiring/economy/chest_drop.rs:160	d2-sim/wiring/economy	PROVISIONAL (M22; REC-235, REC-108): `// d2rs-own, unverified`. pub struct StartSpot;		recording	no	spec-settled REC-235->q-fix-lair-entrance,q-fix-portal-pair,q-fix-preset-monster-ai,q-fix-quest-items
REC-1030	crates/d2-sim/src/wiring/economy/monster_equip.rs:9	d2-sim/wiring/economy	PROVISIONAL (M22; REC-1030; d2rs-own, unverified): the monster has no //! inventory model on this wiring. The holdings are //! [`ActionHooks::monster_equip`], the item's place is its static path //! (x = body location, y = 0, as every inven		recording	no	
REC-1030	crates/d2-sim/src/wiring/economy/monster_equip.rs:185	d2-sim/wiring/economy	PROVISIONAL, REC-1030). pub fn summon_equipment<X: Pending>( h: &mut ActionHooks<X>, sim: &mut Sim<'_>, d: &mut DeathDrops, owner: UnitId,		recording	no	
-	crates/d2-sim/src/wiring/economy/quest_host.rs:245	d2-sim/wiring/economy	PROVISIONAL (objects-2.md §25; quests-act2.md §8.11, /// quests-act1.md O7, quests-act5-2.md §6.7): the form names no owner /// and no `exact`; a player unit is the owner with exact 0 (Tyrael's /// and Andariel's portals), any other unit (A		unstated	no	
REC-235	crates/d2-sim/src/wiring/economy/quest_host.rs:693	d2-sim/wiring/economy	PROVISIONAL (REC-235; quests-act4.md §4.8 names no // identify): a quest drop is identified, as the reward // `0x005466B0` (§9.1) makes its item, so the Hellforge // hammer can be wielded without Cain's identify. if let Some(i) = item.and_t		binary	no	spec-settled REC-235->q-fix-lair-entrance,q-fix-portal-pair,q-fix-preset-monster-ai,q-fix-quest-items
REC-235	crates/d2-sim/src/wiring/economy/quest_host.rs:700	d2-sim/wiring/economy	PROVISIONAL (REC-235): the item takes its spot in the // static path (the treasure walk's `placed` does that only // with the walk-back field), so a pick-up reads where it is. let spot = self .inner .econ		binary	no	spec-settled REC-235->q-fix-lair-entrance,q-fix-portal-pair,q-fix-preset-monster-ai,q-fix-quest-items
REC-128	crates/d2-sim/src/wiring/economy/quest_host.rs:889	d2-sim/wiring/economy	PROVISIONAL, REC-128: the removal mode's animation is not /// modelled); else the rest's. fn remove_monster(&mut self, monster: UnitId) { if !self.remove_now(monster) { self.inner.remove_monster(monster) }		recording	no	
REC-128	crates/d2-sim/src/wiring/economy/quest_host.rs:899	d2-sim/wiring/economy	PROVISIONAL, /// REC-128: the spec's "rooms of the object's room list" is the /// whole act here); else the rest's. fn find_object_near(&self, object: UnitId, class: u16) -> Option<UnitId> { let e = &*self.inner.econ; let act_of = |u: UnitI		recording	no	
REC-128	crates/d2-sim/src/wiring/economy/quest_host.rs:933	d2-sim/wiring/economy	PROVISIONAL, REC-128: spread and flags not applied). #[allow(clippy::too_many_arguments)] fn spawn_monster_flags( &mut self, room: RoomId, x: i32,		recording	no	
REC-166	crates/d2-sim/src/wiring/economy/quest_host.rs:1143	d2-sim/wiring/economy	PROVISIONAL, REC-166, `// d2rs-own, unverified`). /// `FrameCnt1` of the object's `objects.txt` row (the raw column is /// × 256). fn object_frame_count1(&mut self, object: UnitId) -> i32 { self.object_anim_length(object) >> 8 }		data	yes	
REC-790	crates/d2-sim/src/wiring/economy/quest_host.rs:1575	d2-sim/wiring/economy	PROVISIONAL (REC-790): the mode 12 set before the removal // (`0x005A7C20`) and its animation are not modelled; the unit is // removed at once, as `remove_monster`. fn kill_in_place(&mut self, unit: UnitId) { self.end_unit_interaction(unit)		data	yes	
REC-790	crates/d2-sim/src/wiring/economy/quest_host.rs:1585	d2-sim/wiring/economy	PROVISIONAL (REC-790): "leaves her room without dying" is the unit // removed at once (S→C 0x0A to every player); a unit kept outside // any room is not modelled. fn npc_leave_town(&mut self, unit: UnitId) { self.end_unit_interaction(unit);		data	yes	
REC-791	crates/d2-sim/src/wiring/economy/quest_host.rs:1597	d2-sim/wiring/economy	PROVISIONAL (REC-791): the path free and the deletion of his AI // event 2 are not modelled (the mode change's own steps run). fn kill_in_town(&mut self, unit: UnitId) { let is_monster = self .inner .econ		unstated	no	
REC-790	crates/d2-sim/src/wiring/economy/quest_host.rs:1620	d2-sim/wiring/economy	PROVISIONAL (REC-790): the object is removed at once (S→C 0x0A to // every player); an object kept outside any room is not modelled. fn object_leave_room(&mut self, object: UnitId) { if !self.remove_now(object) { self.inner.object_leave_roo		data	yes	
REC-792	crates/d2-sim/src/wiring/economy/quest_host.rs:1639	d2-sim/wiring/economy	PROVISIONAL (REC-792): the send `0x00548520` is the written value // through `Pending::stat_sent`, one message per stat in id order. fn add_resist_list(&mut self, player: UnitId, v: i32) { let Some((ty, guid)) = self.inner.econ.units.get(pl		unstated	no	
REC-790	crates/d2-sim/src/wiring/economy/quest_host.rs:1673	d2-sim/wiring/economy	PROVISIONAL (REC-790): "mode 12, out of the room, collision freed" // is the unit removed at once, as `remove_monster`. fn remove_ancient(&mut self, monster: UnitId) { if self.inner.econ.game.lists.unit(monster).is_none() { return self.inne		data	yes	
REC-793	crates/d2-sim/src/wiring/economy/quest_host.rs:1712	d2-sim/wiring/economy	PROVISIONAL (REC-793): `0x0055B030` is read as `0x0055A090` with max // 1, as the gold pickup's rest pile (`inventory-moves.md` §10.1). fn drop_gold_amount(&mut self, at: UnitId, amount: u32) { let done = match self.inventory.as_deref_mut()		unstated	no	
REC-235	crates/d2-sim/src/wiring/economy/quest_reward.rs:132	d2-sim/wiring/economy	PROVISIONAL (M22; REC-235): nothing writes the weapon GUID (+0x1C) /// yet (`weapon_in_use_update` is an open seam), so while it is unset /// the first `weap` item of the two hands is the weapon in use. fn weapon_in_use(&self, econ: &Econom		binary	no	spec-settled REC-235->q-fix-lair-entrance,q-fix-portal-pair,q-fix-preset-monster-ai,q-fix-quest-items
-	crates/d2-sim/src/wiring/economy/quest_reward.rs:182	d2-sim/wiring/economy	PROVISIONAL (vendors.md "Stat readers"; REC-none): "no base-array /// entry" is read as base stat 73 = 0 (the stat lists keep no empty /// entries apart). pub(super) fn max_durability<H>(econ: &Economy<'_, H>, item: UnitId) -> i32 { if econ		unstated	no	
-	crates/d2-sim/src/wiring/economy/quest_reward.rs:200	d2-sim/wiring/economy	PROVISIONAL (quests.md §9.1; REC-none): source unit = the player /// (class and level; no player data, which only ears read), spawn mode 4 /// (inventory), no-sockets 0, never-ethereal 0, no seeds ("use seed" 0). pub fn create_reward<H: Lif		recording	no	
REC-281	crates/d2-sim/src/wiring/economy/treasure_items.rs:107	d2-sim/wiring/economy	PROVISIONAL (REC-281, d2rs-own, unverified): a low or // normal quality drop without affixes is identified // (`generation.md` §1.4: the flag is "set by callers"; no // quality or affix success cleared it); magic and better, // and charms, 		recording	no	
REC-154	crates/d2-sim/src/wiring/interaction/skill_rooms.rs:164	d2-sim/wiring/interaction	PROVISIONAL (skills/bodies-2b.md §6.2 step 3): a cast at a point // does not walk, so the path record holds no target; the point kept // at the mode start (`UseRest::target_position`) stands in when // [`Pending::path_target_point`] has non	REC-154. pub(super) fn cast_target_point(&self, u: UnitId) -> (i32, i3	data	yes	
-	crates/d2-sim/src/wiring/interaction/skill_use.rs:147	d2-sim/wiring/interaction	PROVISIONAL (q-fix-real-item-type-test): "no inventory → fail" // (rule 2) and the matched item's rules (item flags 0x4000 / 0x100, // the `shoots` ammo test) are not applied: the host's item flags and // `shoots` type are not wired here (`		unstated	no	
REC-413	crates/d2-sim/src/wiring/interaction/skill_use.rs:1707	d2-sim/wiring/interaction	PROVISIONAL (REC-413): the wire level byte is the cast level // clamped to a byte and w (u16) is the `aim` flag; the record // bytes are not spelled out in the specs; settled by a 1.14d // recording of an item-cast skill (`events.txt` item 	a 1.14d // recording of an item-cast skill (`events.txt` item cast). u	recording	no	
-	crates/d2-sim/src/wiring/interaction/summon.rs:14	d2-sim/wiring/interaction	PROVISIONAL (pets.md OQ4): the add record's +0x10 / +0x14 stay 0.		unstated	no	
REC-278	crates/d2-sim/src/wiring/inventory/host.rs:159	d2-sim/wiring/inventory	PROVISIONAL (world/vendors.md §7.2 r9; REC-278): the routine has no /// written body; it is read as the stack merge's consume of a cursor /// item (`items/inventory-moves.md` §7.12: cursor := none with S→C /// 0x42, then the free `0x00557FD	a capture of a	data	yes	
REC-289	crates/d2-sim/src/wiring/inventory/inv_world.rs:192	d2-sim/wiring/inventory	PROVISIONAL REC-289); else the rest. fn one_or_two_handed(&self, unit: UnitId, item: UnitId) -> bool { match (self.state.equip_rules, self.class_of(item)) { (true, Some(r)) => crate::items::inventory::equip::one_or_two_handed_for( self.tabl		recording	no	
REC-161	crates/d2-sim/src/wiring/inventory/item_link.rs:8	d2-sim/wiring/inventory	PROVISIONAL (M22; REC-161): the bodies of the stat link `0x0063D1D0` //! and unlink `0x0063D2B0` are not written (`inventory.md` OQ6); the //! item's whole unit list is attached and detached, and the remaining //! set items are re-evaluated	a trace of equipping a set piece. //! Runs only when [`InvState::link_	data	yes	
REC-163	crates/d2-sim/src/wiring/inventory/item_link.rs:78	d2-sim/wiring/inventory	PROVISIONAL (REC-163): the rest of the pass /// is the rest's (or the equipment rules'); the unlink of a charm that /// leaves page 0 is `charm_unlink` (the bodies of `0x0063D1D0` / /// `0x0063D2B0` are unwritten, `inventory.md` OQ6). pub(s		recording	no	
REC-241	crates/d2-sim/src/wiring/inventory/load.rs:96	d2-sim/wiring/inventory	PROVISIONAL, REC-241). let stale = self .econ .items .get(unit) .is_some_and(|i| i.flags & hflag::RUNEWORD != 0)		recording	no	spec-settled REC-241->q-fix-cube-panel,q-fix-save-gaps,q-fix-stale-runeword,q-fix-weapon-switch
REC-161	crates/d2-sim/src/wiring/inventory/mod.rs:128	d2-sim/wiring/inventory	PROVISIONAL (REC-161): the stat /// link `0x0063D1D0` / unlink `0x0063D2B0` bodies are unwritten /// (`stat-lists.md` §8.4 gives the attach). Off (the default): those /// calls go to the rest, as before. pub link_item_stats: bool, /// Town 		data	yes	
REC-141	crates/d2-sim/src/wiring/inventory/pending.rs:279	d2-sim/wiring/inventory	PROVISIONAL REC-141): §12.1 step 4 on the /// wired side. The corpse unit leaves its room and is freed with its /// inventory (`0x0061A270`, `0x00555600`); the player is sent S→C 0x8E /// `CorpseAssign` [1] 0, the player's and the corpse's 		recording	no	
REC-680	crates/d2-sim/src/wiring/inventory/potion.rs:297	d2-sim/wiring/inventory	PROVISIONAL (REC-680, `items/use.md` §3.1): the Blood Golem // share `0x005C6870` (stat 6 / 74, U a player) is unread past // its pet test; v is unchanged, as with no golem. The life // fraction update of stat 6 (§3.1 step 3) needs the rege		unstated	no	
REC-177	crates/d2-sim/src/wiring/inventory/swap.rs:5	d2-sim/wiring/inventory	PROVISIONAL (M22, REC-177): the body of `0x005616A0` is not written //! (`intents-events.md` open question 16). This is d2rs-own, unverified: //! each hand item leaves its slot (its stat list detaches), the swap-set //! items take the hands		recording	no	spec-settled REC-177->q-fix-weapon-switch
REC-163	crates/d2-sim/src/wiring/inventory/tests/equip.rs:217	d2-sim/wiring/inventory/tests	PROVISIONAL, REC-163). #[test] fn a_charm_in_the_inventory_counts_and_stops_when_picked_up() { let mut w = World::new(); w.state.link_item_stats = true; // Created as a box (a magic charm needs the affix tables), then		recording	no	
REC-161	crates/d2-sim/src/wiring/inventory/tests/link.rs:1	d2-sim/wiring/inventory/tests	PROVISIONAL, //! REC-161): attach on 0x1A, detach on 0x1C.		data	yes	
REC-289	crates/d2-sim/src/wiring/inventory/town_portal.rs:25	d2-sim/wiring/inventory	PROVISIONAL (REC-289): on the request path (no cast host) the cast's //! creation (§27.1 step 6) runs after the call, so a creation that fails //! still costs the use.		recording	no	
REC-1111	crates/d2-sim/src/wiring/path/monsters.rs:468	d2-sim/wiring/path	PROVISIONAL (ai.md §7.5 rule 4.4, REC-1111): the spec stores P // +0x10 := v and names no reader. 1.14d's Fallen flees at velocity // and speed ×(75 + 50) / 75 of its walk (speed 192 → 320, check // combat-melee-fallen, unit 20 from f48), w	a recording of another speed bonus. fn apply_speed_bonus(&mut self, si	recording	no	
REC-143	crates/d2-sim/src/wiring/path/monsters.rs:520	d2-sim/wiring/path	PROVISIONAL (units.md §4.6 rule 7 gives no flag step; REC-143): // unit flag 0x40 off before the skill start, as the player's mode // starts (rule table row 7..18) and the SQ start (rule 10) do. The // attack's do sets it (`skills/bodies.md		data	yes	
-	crates/d2-sim/src/wiring/path/walk.rs:325	d2-sim/wiring/path	PROVISIONAL (missiles/missiles.md §R2.3 step 16): the missile build // passes town access 0 (as the re-path, `pathing.md` §9.10); settled by a // bin read (the missile compute likely ignores it). pub fn build_path<X: Pending>(v: &mut View<'	a // bin read (the missile compute likely ignores it). pub fn build_pa	unstated	no	
-	crates/d2-sim/src/wiring/path/walk.rs:348	d2-sim/wiring/path	PROVISIONAL); other modes' rows are not /// specified: nothing. Sent through /// [`Pending::send`] to the client's player. Units other than players /// with a dynamic path, and clients without a player, get nothing. /// /// The room clean-u		unstated	no	
~REC-95	crates/d2-sim/src/wiring/path/walk.rs:389	d2-sim/wiring/path	PROVISIONAL (sim/pathing.md §10 rule 2): the skill rows of // `0x007319E8` read as `0x00548090` (the skill message with // the path's target unit, else its target point). d2rs-own, // unverified: sent to the own client too (the click's mode		recording	no	spec-settled REC-95->q-fix-door-highlight,q-fix-monster-update-steps,q-fix-player-mode-msgs,q-fix-skill-msg-level
-	crates/d2-sim/src/wiring/path/walk.rs:703	d2-sim/wiring/path	PROVISIONAL (sim/pathing.md §1.5 r6, §8.2): a run start without a // mode change (a new 0x03 while running: the mode set frees nothing) // keeps the one run list and rewrites its stat 67 instead of // attaching a second (which would add +50	a recording of two 0x03 in a row	recording	no	
REC-99	crates/d2-sim/src/wiring/path/warp_dest.rs:7	d2-sim/wiring/path	PROVISIONAL REC-99). //! //! [`View::spawn_missing_tile`]: crate::wiring::action::View::spawn_missing_tile		recording	no	spec-settled REC-99->q-fix-warp-tile-restore
REC-99	crates/d2-sim/src/wiring/path/warp_dest.rs:60	d2-sim/wiring/path	PROVISIONAL (REC-99): the room is not populated yet. None => c.v.spawn_missing_tile(c.game, found.room, found.class)?, }; let room = c.game.lists.unit(tile).and_then(|e| e.room())?; let (x, y) = c.v.h.path_position(tile); Some(WarpDestinati		recording	no	spec-settled REC-99->q-fix-warp-tile-restore
REC-130	crates/d2-sim/src/wiring/worldgen/dispatch.rs:171	d2-sim/wiring/worldgen	PROVISIONAL (REC-130): the monsters a level types // provider lists for the host (`HOST_MONSTER_PRESET`). v.spawn_host_monsters(game, r) }; for (u, class) in created { h.v.h.x.host_monster_created(u, class);		data	yes	
REC-230	crates/d2-sim/src/wiring/worldgen/dispatch.rs:189	d2-sim/wiring/worldgen	PROVISIONAL (REC-230): without the inactive store the // room's warp tiles were stored and freed on their own at // its deactivation; they come back after the host's // monsters and items, as the store's other records do // (`rooms.md` §8 r		data	yes	spec-settled REC-230->q-fix-level-connections,q-fix-warp-tile-restore
REC-254	crates/d2-sim/src/wiring/worldgen/init_units.rs:49	d2-sim/wiring/worldgen	PROVISIONAL (REC-254); d2rs-own, unverified. pub(super) fn start_host_ai(&mut self, unit: UnitId) { InitHost::alloc_ai(self, unit); InitHost::ai_install(self, unit, 0); let at = self.game.frame + 1; let _ = self.game.schedule_event(		recording	no	spec-settled REC-254->q-fix-lair-entrance,q-fix-portal-pair,q-fix-preset-monster-ai,q-fix-quest-items
REC-891	crates/d2-sim/src/wiring/worldgen/init_units.rs:285	d2-sim/wiring/worldgen	PROVISIONAL (init.md §6 step 12, REC-891): the call's owner and /// attach `reset` are not stated; owner = the monster, reset = 1 (a /// DYNAMIC list would keep `mindamage` / `maxdamage` / `tohit` out of /// the unit's totals, and 1.14d mon		unstated	no	
REC-1030	crates/d2-sim/src/wiring/worldgen/init_units.rs:447	d2-sim/wiring/worldgen	PROVISIONAL, /// REC-1030); the NPC store inventory is the vendors'. /// /// [`ActionHooks::monster_equip`]: crate::wiring::action::ActionHooks fn new_inventory(&mut self, unit: UnitId, npc_store: bool) { if !npc_store {		recording	no	
REC-1030	crates/d2-sim/src/wiring/worldgen/init_units.rs:461	d2-sim/wiring/worldgen	PROVISIONAL, REC-1030: [`ActionHooks::monster_equip`]). /// /// [`ActionHooks::monster_equip`]: crate::wiring::action::ActionHooks fn has_item_at(&mut self, unit: UnitId, loc: u8) -> bool { let sim = Sim { game: &mut *self.game,		recording	no	
REC-254	crates/d2-sim/src/wiring/worldgen/mod.rs:130	d2-sim/wiring/worldgen	PROVISIONAL (REC-254): the host picks the classes. d2rs-own, /// unverified. fn host_monster_ai(&self, class: u32) -> bool { false }		recording	no	spec-settled REC-254->q-fix-lair-entrance,q-fix-portal-pair,q-fix-preset-monster-ai,q-fix-quest-items
REC-99	crates/d2-sim/src/wiring/worldgen/tests/warp_tiles.rs:454	d2-sim/wiring/worldgen/tests	PROVISIONAL REC-99): the 0x13 warp runs from any distance, // so the far room may be active but not yet populated; its arrival tile // is created from its presets on arrival, and its first population then // skips that preset. #[test] fn ar		recording	no	spec-settled REC-99->q-fix-warp-tile-restore
-	crates/d2-sim/src/world/objects/mech.rs:359	d2-sim/world/objects	PROVISIONAL (objects-2.md §19 rule 1; REC-none): the return value after // the cursor-removal failure is not stated; read as 1 like every other // path. pub fn obelisk_insert<W: MechWorld>( t: &ObjectTables, w: &mut W,		unstated	no	
REC-860	crates/d2-sim/src/world/quests.rs:2014	d2-sim/world	PROVISIONAL (`quests.md` §6.4 step 4, REC-860): the act is the /// player unit's act (`unit_act`), not the act byte of the player's /// client: d2rs's sim has no client act. They differ only during an /// act change; settled when the client		unstated	no	
REC-1405	crates/d2-sim/src/world/quests/act2/q4.rs:315	d2-sim/world/quests/act2	PROVISIONAL (REC-1405): the old-level-40 handling is skipped when the // new level is the Arcane Sanctuary. Recording a2-warp-arcane-ama shows // the start Jerhyn still present from frame 20 on (as in the other warps // he is removed at the		recording	no	
REC-1405	crates/d2-sim/src/world/quests/act2/tests_q4.rs:330	d2-sim/world/quests/act2	PROVISIONAL (REC-1405): town -> Arcane Sanctuary (74) keeps him // (a2-warp-arcane-ama: present on 1.14d to frame 143). let (mut ctl, mut f, i) = setup(); ctl.records[i].extra.a2.q4.jerhyn_start = true; ctl.records[i].extra.a2.q4.jerhyn_gui		unstated	no	
-	crates/test-fixtures/tests/e2e_night_flows.rs:602	test-fixtures/tests	PROVISIONAL q-fix-real-preset-objects): its S→C 0x51. { let (_, _, wx, wy) = test_fixtures::drlg::TOWN_WAYPOINT; let mut m = vec![0x51, 2, 1, 0, 0, 0, 0, 0]; m.extend((wx as u16).to_le_bytes()); m.extend((wy as u16).to_le_bytes());		unstated	no	
REC-19|REC-576	specs/audio/sound-table.md:538	spec/audio	PROVISIONAL: a one-shot ends in the first upkeep at which elapsed ticks × 40 ms ≥ the sample's duration (because it is the reading the spec gives as most plausible and the implementation's choice); settled by REC-19. Measured (2026-10-09, p	REC-19. Measured (2026-10-09, pc1-day3-c, REC-576 (3); Windows, sound	recording	no	
REC-19	specs/audio/sound-table.md:1064	spec/audio	PROVISIONAL: a load completes by the next tick (because d2rs has no load latency); settled by REC-19 (async loads). 11. Answered (§12 r2): −2³¹ from `cvttsd2si`, then wrapping integer steps; silent at the device. 12. *Recorded (2026-10-09, 	REC-19 (async loads). 11. Answered (§12 r2): −2³¹ from `cvttsd2si`, th	recording	no	
REC-19	specs/audio/sound-table.md:1077	spec/audio	PROVISIONAL: end tick = start tick + ceil(frames / 882) (because the device plays 882 frames per 40 ms tick); settled by REC-19 (one-shot lengths). 13. (Observation 2026-10-09, pc1-day3-c: breakpoints at the async issue `0x00482AFC`, the pe	REC-19 (one-shot lengths). 13. (Observation 2026-10-09, pc1-day3-c: br	recording	no	
REC-19	specs/audio/sound-table.md:1091	spec/audio	PROVISIONAL: the read is finished by the next pass at T ≡ 0 (mod 25) (because the sound files sit in loaded archives); settled by REC-19 (async loads). 14. Answered (§8.3 r4): G = 255 at every send in game; the other writers are init, shutd	REC-19 (async loads). 14. Answered (§8.3 r4): G = 255 at every send in	recording	no	
REC-93	specs/audio/triggers-2.md:191	spec/audio	PROVISIONAL: the chest's at-once send leaves +0x6E and flag 0x400 set, so the player's unit update of the same tick sends event 11 a second time (because no read function clears flag 0x400 before the room clean-up); settled by a recording o	a recording of a locked chest opened with a key (count of S→C 0x2C eve	recording	no	
REC-742	specs/client/model.md:452	spec/client	PROVISIONAL (REC-742): a C monster's client path (§19 r4 with the path helpers of a set-C unit) is not specified; d2rs draws the step's two seed values, sets the mode the code sets (1 → 2 WL, 0x0C → 8 S1, code 7 at the own position → the ne		binary	no	
~REC-1110	specs/client/model.md:1358	spec/client	PROVISIONAL: in the panel scene of `docs/handoff/pc1-data.md` (q-fix-real-unit-seed-order, SceSor seed 1234, Warriv (1, 7) drawn in NU from tick 56 while the server walks him 56–67) the client's fallback is read as this NPC busy bit left se		unstated	no	
~REC-51|REC-502	specs/client/model.md:1632	spec/client	PROVISIONAL: d2rs runs only the animation part of rule 8 for a monster: anim kind 0 for every mode (step 5's advance, frame += speed, wrapping at the count; kinds 1–3, the end tests and the mode end are not run), and its rate (rule 6, `sim/		recording	no	spec-settled REC-51->q-fix-monster-modes
REC-51	specs/client/model.md:2046	spec/client	PROVISIONAL: d2rs makes the client seed draws of §19 rule 9 on the client seeds it models (§2 rule 6, Randomness) and treats their results as exact (because every rule and draw site is now read and only the seed values are unread); settled 	REC-51 (HIGH-PRIORITY CAPTURE: client seed draws) with open question 9	recording	no	spec-settled REC-51->q-fix-monster-modes
REC-51|REC-277|REC-288	specs/client/model.md:2054	spec/client	PROVISIONAL: the local player is drawn at the last server-sent position (the message rules of §8 / `client/msg-units.md`), no local prediction (because d2rs runs client and server in one process with no latency); settled by REC-51. **Supers	REC-51. **Superseded for the play preview** by the three PROVISIONAL p	recording	no	spec-settled REC-51->q-fix-monster-modes
REC-277|REC-288	specs/client/model.md:2058	spec/client	PROVISIONAL points below (walk prediction, position check, path step: REC-288, REC-277), which do predict the local walk; this point still holds for a client without a client DRLG (q-provisional-audit). Measured 2026-10-09 (`record_walk.py`		recording	no	
~REC-288|REC-570	specs/client/model.md:2072	spec/client	PROVISIONAL (play preview's walk prediction): an S→C 0x0D code 1 for the local player (the arrival walk-outs of `sim/path-placement.md` §12.2 r5–6, `world/objects.md` §12 r11, `world/waypoints.md` §7 r7) walks the drawn player to (r0, r1) (		recording	no	
~REC-51|REC-277	specs/client/model.md:2083	spec/client	PROVISIONAL (play preview, position check): while the preview predicts the local player's walk (no placement since), §6 rule 8 for the local player takes the server's point and sends no C→S 0x5F (because the preview's straight-line guess do		recording	no	spec-settled REC-51->q-fix-monster-modes
REC-51|REC-277	specs/client/model.md:2090	spec/client	PROVISIONAL (play preview, path step): with a client DRLG the prediction steps the player's own path with the server's path code (`sim/pathing.md` §1.2 request, §3–§7 compute, §9.2 step) over the client grids, the player's footprint on a pr	REC-277 (d) with REC-51	recording	no	spec-settled REC-51->q-fix-monster-modes
~REC-51|REC-277	specs/client/model.md:2100	spec/client	PROVISIONAL (play preview, other units): the private grids also carry each living model monster's footprint (pattern of `sim/path-placement.md` §3 from its `monstats2` size, NPC, in-town and interact columns; mask 0x100), re-stamped at the 		recording	no	spec-settled REC-51->q-fix-monster-modes
~REC-706|REC-1565	specs/client/model.md:2108	spec/client	PROVISIONAL (play preview, objects): the private grids also carry each model object whose `HasCollision[mode]` is set, as its `SizeX` × `SizeY` box with the objects footprint mask (`sim/path-placement.md` §3; 0x400 for a torch), re-stamped 		unstated	no	
REC-610	specs/combat/vitals.md:718	spec/combat	PROVISIONAL REC-610 only for a video runtime DLL changing it) (§4.4 rule 6, as `sim/stat-lists.md` open question 1); settle with a party recording (multiplayer, Phase 7). Out of Phase 0–6 scope (a party needs two players). The hireling leve		recording	no	
REC-35	specs/drlg/outdoor-tilesub.md:367	spec/drlg	PROVISIONAL: N = 0 for v12 groups, no variant draw (because the binary gives no value and 0 is the only value that draws nothing); settled by REC-35 (memory read of the Trees group records, +0x50, 24-byte records, +0x14, after the first `0x	REC-35 (memory read of the Trees group records, +0x50, 24-byte records	recording	no	
REC-1120	specs/drlg/outdoor.md:627	spec/drlg	PROVISIONAL: a tie |dx| = |dy| is y-major (no measured segment had one; REC-1120); settled by a probe of a diagonal segment. Measured effect (Blood Moor room (1032, 848), `-seed` 1234): the path floor makes the Trees group at (3, 1) fail it	a probe of a diagonal segment. Measured effect (Blood Moor room (1032	unstated	no	
REC-04	specs/drlg/rooms.md:1610	spec/drlg	PROVISIONAL: a freed cursor room reads "not status 2" (because 1.14d does so unless the block is reused); settled by REC-04. Open inside it: a client recording that logs the cursor +0x460 and the byte at its +0x44 at each timed step across 	REC-04. Open inside it: a client recording that logs the cursor +0x460	recording	no	
REC-44	specs/formats/d2s-legacy.md:369	spec/formats	PROVISIONAL: the rules above for 1.07/1.08 saves (version 0x57 / 0x59) (because they are read from the loader binary); settled by REC-44 (Deferred).	REC-44 (Deferred	recording	no	
REC-35	specs/formats/ds1.md:144	spec/formats	PROVISIONAL: 0 for the missing fields of a truncated group (because d2rs uses 0, `drlg/preset.md` §5.2 OQ 2); settled by REC-35. 4. **Trailing data in v12–13 files.** 54 files (v12/v13) end with 4 zero bytes after the last documented sectio	REC-35. 4. **Trailing data in v12–13 files.** 54 files (v12/v13) end w	recording	no	
-	specs/formats/native-assets.md:229	spec/formats	PROVISIONAL: assembled first, because it is what a modder wants to edit; settled by the fallback count of the first full conversion (§7.2). 4. **DS1 level.** `P.toml` holds every `Ds1` field: header (`version`, `width`, `height`, `act`, `ta	the fallback count of the first full conversion (§7.2). 4. **DS1 level	unstated	no	
-	specs/formats/native-assets.md:284	spec/formats	PROVISIONAL: element-order insertion reproduces every live table, because the slots are then free to drop from the native file once proven; settled by C-TBL on the full conversion (§7.2): the report counts tables whose rebuild differs from 	C-TBL on the full conversion (§7.2): the report counts tables whose re	unstated	no	
-	specs/formats/native-assets.md:319	spec/formats	PROVISIONAL: overrides keep the runtime byte-identical to 1.14d; settled by `field-types.md` Open question 7.	`field-types.md` Open question 7	unstated	no	
-	specs/formats/native-assets.md:702	spec/formats	PROVISIONAL assembled, settled by the fallback count of the §7.2 run (§2.3 r3). 6. `tbl` hash rebuild from element order: **settled** (2026-10-09, q-prov-data): on the real install all 21 string tables of `d2data.mpq`, `d2exp.mpq` and `Patc	the fallback count of the §7.2 run (§2.3 r3). 6. `tbl` hash rebuild fr	data	yes	
-	specs/formats/native-assets.md:709	spec/formats	PROVISIONAL, settled by `field-types.md` Open question 7 (§2.8 r3). 8. Whether the shipped mod format may ever carry a non-indexed (RGBA) image kind for upgraded graphics: future goal, not in scope (§2.10). 9. Music and speech archives (`d2	`field-types.md` Open question 7 (§2.8 r3). 8. Whether the shipped mod	data	yes	
REC-44	specs/items/bitstream-legacy.md:480	spec/items	PROVISIONAL: items of 1.07 / 1.08 saves decode as §2–§4 (because the rules are read from the 1.14d reader); settled by REC-44 (Deferred). 2. PROVISIONAL: 1.00–1.06 saves decode as §6–§8 and edge cases 7–9 (because the rules are read from th	REC-44 (Deferred). 2. PROVISIONAL: 1.00–1.06 saves decode as §6–§8 and	recording	no	
REC-44	specs/items/bitstream-legacy.md:481	spec/items	PROVISIONAL: 1.00–1.06 saves decode as §6–§8 and edge cases 7–9 (because the rules are read from the 1.14d reader); settled by REC-44 (Deferred). No such save exists on this PC.	REC-44 (Deferred). No such save exists on this PC	recording	no	
-	specs/items/generation.md:660	spec/items	PROVISIONAL reading "main list, then runeword list"): `0x00625760(X, 0x40)` → `0x006256E0` starts at the head of X's active child chain (extended list +0x3C) and `0x00625730` follows the link +0x2C, taking every child with flag 0x40 whateve		unstated	no	
REC-1400	specs/items/generation.md:805	spec/items	PROVISIONAL, REC-1400; superior and low quality unrecorded).		unstated	no	
REC-08	specs/items/inventory.md:1022	spec/items	PROVISIONAL: 0x9C/0x9D are sent in the order the server produces them within the pass, with no reordering against the life/stats/0x47/0x48 messages (because the spec's rules (§4–§5) emit each message where its owner runs and state no sortin	REC-08. 3. Answered: §3 rule 7 (no `numboxes` check server-side; slot	recording	no	
REC-34	specs/items/properties.md:627	spec/items	PROVISIONAL: "no match" for the unwritten slot on every path (because the unwritten slot holds frames left by earlier calls); settled by REC-34. Status (2026-10-07): open for fidelity only (REC-34); d2rs keeps "no match" for the unwritten s	REC-34. Status (2026-10-07): open for fidelity only (REC-34); d2rs kee	recording	no	
REC-610	specs/items/treasure.md:778	spec/items	PROVISIONAL (REC-610): only a video runtime DLL changing PC on the game thread (the next bullet) is open; d2rs keeps binary64. - Not settled by the binary: single player runs the server inline on the client frame thread (`sim/tick.md` §1 ru	the binary: single player runs the server inline on the client frame t	unstated	no	
-	specs/missiles/client-bodies-2.md:7	spec/missiles	PROVISIONAL point (hit 26, Edge case 2). - **Target version:** 1.14d - **Crate/module:** `d2-client::effects::missiles` (with `missiles/client.md`, `missiles/client-bodies.md`) - **Related specs:** `missiles/client-bodies.md` (conventions §		recording	no	
-	specs/missiles/client-bodies-2.md:268	spec/missiles	PROVISIONAL: no cap (every accepted unit gets a bolt) (because the live row's skill caps nothing else and the word is not reproducible); settled by a Fist of the Heavens capture counting client bolts (`client.md` Open question 8). 3. Hit 26	a Fist of the Heavens capture counting client bolts (`client.md` Open	recording	no	
REC-1270	specs/monsters/ai.md:738	spec/monsters	PROVISIONAL (REC-1270): rule 1's "monster C in melee range → skip" holds for every monster C, not only one with state 146 (as d2rs reads it: C in the scanner's melee range, `0x00622C40` step 3 without the line, d ≤ 0 or d ≤ `MeleeRng` + 1, 		unstated	no	
REC-1271	specs/monsters/ai.md:748	spec/monsters	PROVISIONAL (REC-1271): a main-less scan (only `nThreat` < 2 candidates, e.g. a cow) takes the alternative at once in d2rs; the spec's `0x005DD510` row also refuses an alternative farther than 5, and the order of those two rules is unread (		unstated	no	
REC-80|REC-81	specs/monsters/population.md:1325	spec/monsters	PROVISIONAL lines are now 1.14d-confirmed rules: §6.3 step 4 (mode 1, the returned room, the search origin), §10.3 step 1 (no `SetBoss` test), §11.4 hcIdx 10 (boss unit seed; no owner data), §11.5 rule 6 (the default switch entry). REC-80 /		binary	no	spec-settled REC-80->q-fix-boss-restore-origin; spec-settled REC-81->q-fix-boss-restore-origin
-	specs/render/camera.md:223	spec/render	PROVISIONAL, Open question 1), so a roof is its cell's floor diamond raised by `roof_height` rows; `map-preview.md`'s `sy + y0 + WALL_BASE − roof_height` puts it `WALL_BASE` (80) rows lower than 1.14d. `roof_height` is read unsigned (`0x004		unstated	no	
-	specs/render/camera.md:253	spec/render	PROVISIONAL until a recount, Open question 7). In modes 0/3 a culled block has no pixel in the frame, so culling changes no pixel there. - Units: no view-rectangle test. The world unit draw `0x004DC7B0` skips a unit only (a) by the unit fla		recording	no	
REC-61	specs/render/camera.md:538	spec/render	PROVISIONAL: the rule (roof blocks on the floor diamond rows, y in 0 … 64) stands and no d2rs code depends on the count (because both reads agree on the range); settled by REC-61: - the block count (one read: 13,432 blocks; the other: 15,43	REC-61: - the block count (one read: 13,432 blocks; the other: 15,432	binary	yes	
REC-61	specs/render/camera.md:606	spec/render	PROVISIONAL: §7's per-block cull is taken as equal to one clip of the assembled tile (x and y on the 32 grid; because both reads agree on x and the 250-file read on y); settled by REC-61: - the file set and count: one read gives 104,780 blo	REC-61: - the file set and count: one read gives 104,780 blocks in 251	binary	yes	
REC-420	specs/render/draw-order-2.md:683	spec/render	PROVISIONAL REC-420). Settled by an asm read of `0x00476290` / `0x00476460`'s first-call branches (local queue, `docs/HANDOFF.md` §5 entry 103).	an asm read of `0x00476290` / `0x00476460`'s first-call branches (loca	recording	no	
-	specs/render/sprite-placement.md:124	spec/render	PROVISIONAL: d2rs draws nothing for a DCC frame with w > 256 or h > 256 and does not abort (because the per-draw getter `0x005FEB80` gives "no cel" and 1.14d is not known to abort in the Jail and Catacombs where the trap is placed); settled	the capture "gargoyle trap on screen" (`dcc.md` §Frame size limit	recording	no	
-	specs/render/sprite-placement.md:324	spec/render	PROVISIONAL line until the capture runs.		recording	no	
REC-441	specs/render/unit-composite.md:425	spec/render	PROVISIONAL (REC-441, measured): the name's weapon class is the COF layer's own (`formats/cof.md`: the layer record's weapon class), not the request's §2.1 class: 1.14d's `a1-town-arrival-ama` draws `AMTNhth.cof`'s layers as `AMTRlitTN1ht`,		recording	no	
REC-610	specs/sim/pathing.md:1492	spec/sim	PROVISIONAL (REC-610) only for a video runtime DLL changing it. x87 precision control during §11.3 (53-bit or 24-bit: a 24-bit mode rounds cos · r to float32 before the truncation). Settle: a recording of a Blessed Hammer missile's per-tick		recording	no	
REC-610	specs/sim/stat-lists.md:715	spec/sim	PROVISIONAL (REC-610) only for a video runtime DLL changing it; a `check_stats.py` max-life recording confirms. 2. Answered (2026-10-07): `0x0061AB00(room)` (§10.1 step 4) is "room in a town": the room's level id (`0x0066BAB0`) is 1, 40, 75		recording	no	
~REC-590|REC-592	specs/sim/units.md:441	spec/sim	PROVISIONAL: the re-init `0x00624390` of a player or monster sets action frame := 0, frame := frame bonus · 256, the AnimData record of the new mode, frame count +0x48 := its frames · 256 and, for a unit with a path, speed +0x4C := the rate		recording	no	
REC-1090	specs/sim/units.md:649	spec/sim	PROVISIONAL: d2rs computes R byte +0x14 of the kill (`0x00621DC0(D, A x, A y)`) between D's and A's path positions in sub-tiles (because `skills/bodies-3.md` §3.8 does not state the coordinates `0x0064FDC0` reads); settled by REC-1090, the 	REC-1090, the d byte of a kill's S→C 0x69 code 8 with both positions k	data	yes	
REC-593	specs/sim/units.md:896	spec/sim	PROVISIONAL: d2rs computes the monster w of steps 6–7 (monstats +0x36 / +0x38, `data/fixups.md` §8) at the rate call from AnimData with the host's COF composer for (class b, mode 2 / 15), not the fixup's monster composer (because the typed 	REC-593 (a walking town NPC's `sp`, e.g. Charsi 192 in `poke-fallen-to	recording	no	
REC-154	specs/skills/bodies-2b.md:65	spec/skills	PROVISIONAL: with no walk (a cast at a point) the path's target point of step 3 is the point kept at the mode start (because the preview's cast sends no path target); settled by REC-154.	REC-154	data	yes	
~REC-1000|REC-1001	specs/skills/sequences.md:204	spec/skills	PROVISIONAL: the client player update ends the non-sequence attack, cast and hit modes (GH 4, A1 7, A2 8, BL 9, SC 10, TH 11, KK 12, S1–S4 13–16) with the mode-18 row's steps 3 and 5 on the AnimData animation: advance unless complete (`0x00		recording	no	
REC-1000|REC-1001|REC-1002	specs/skills/sequences.md:215	spec/skills	PROVISIONAL: d2rs does not run the gate `0x00480BA0` of rule 1 (because the client skill rows hold no `interrupt` byte; the click dispatcher refuses modes 7–12 before it); settled by REC-1002.	REC-1002	recording	no	
REC-900	specs/skills/sequences.md:266	spec/skills	PROVISIONAL (REC-900): the 2-update delay is not explained by `0x00463390` / `0x004C9120` / `0x00650840`; open: whether the start runs later than the click for this request (e.g. `0x004C52E0` / `0x004648F0` target not ready) or the recorder		unstated	no	
REC-1362	specs/tools/audio-diff.md:84	spec/tools	PROVISIONAL (REC-1362): 1.14d's own mix is DirectSound's (Wine's or Windows'), not 1.14d code, so the mixed check is defined on the voices, not on a device recording; settled by the decision log (`client/audio.md` Summary already excludes t	the decision log (`client/audio.md` Summary already excludes the devic	unstated	no	
REC-1360	specs/tools/audio-diff.md:140	spec/tools	PROVISIONAL (REC-1360): the start tick is the `T` at `SetCurrentPosition` (the main thread's start sequence `SetCurrentPosition(0)`, `SetPan(0)`, `SetVolume(0)`, first fill, `SetPan`, `SetVolume`, `Play(LOOPING)`, all at one `T` in every me	a capture with the channel start `0x004E01B0` hooked next to these	recording	no	
REC-1361	specs/tools/audio-diff.md:153	spec/tools	PROVISIONAL (REC-1361): the conversion is f64 with truncation; settled by more captures (any device value off the f64 curve) or a reading of `0x005165F0`'s x87 sequence. 7. With `AUDIO_DIFF_KEEP_MIX=1`, Wine's mixed output lands in `wine-mi	more captures (any device value off the f64 curve) or a reading of `0x	recording	no	
REC-295	specs/tools/facts-render.md:206	spec/tools	PROVISIONAL: `op` of a tile item is `FloorTileDraw` in the floor and roof passes, `ShadowTileDraw` in the shadow pass, `TileDrawTrans` when its blend reads the table transposed, else `TileDrawLit`; of a cel item `CelDrawShadow` in the shado	REC-295, the first compared scene	unstated	no	
REC-296	specs/tools/facts-render.md:217	spec/tools	PROVISIONAL: tile `x`, `y` are the handed position of `camera.md` §6: the block origin for walls; for floors and roofs the block origin `+ 80 − view.left` (because the wrapper's X, Y are taken to be the values before the drawer's own −80 an	REC-296). 6. `w h xoff yoff` of a cel row and its `sprites.tsv` row: t	unstated	no	
REC-708	specs/tools/facts-render.md:405	spec/tools	PROVISIONAL (REC-708): `0x00473BD0` is the pool draw's only call site; settled by a recording of a water floor in the rain with the call sites of every pool cel.	a recording of a water floor in the rain with the call sites of every	recording	no	
REC-1150	specs/tools/poke.md:271	spec/tools	PROVISIONAL: a handler called at the tick-return stop has the same effect as the same message drained by the server at the start of the next frame (`msg`), apart from the frame number its events are scheduled from (game +0xA8 at the stop); 	REC-1150	unstated	no	
~REC-1370|REC-1371	specs/tools/replay-diff.md:238	spec/tools	PROVISIONAL: the replay does not align the clocks; settled when a replay's first divergence is traced to a clock read (then the session pokes or state-dump would need a clock option, owned by the state-dump session).		recording	no	
-	specs/tools/scenario-diff.md:717	spec/tools	PROVISIONAL controls-0001) is not 1.14d's: measured (2026-10-09, ScnAma seed 1234, eight clicks from a standing player, each a walk; the server path target `tx`, `ty` of the frame after the click). In the model target = floor((px + 2·py) / 		recording	no	
REC-1310	specs/tools/scenario-diff.md:739	spec/tools	PROVISIONAL REC-1310: the items channel reads the created items from S→C 0x9C / 0x9D (§3 rule 13) rather than from a hook at the 1.14d item-creation function (`0x00558D90` and its family, `items/generation.md`): the queue hook is already pi		recording	no	
REC-610	specs/ui/control-panel.md:954	spec/ui	PROVISIONAL (REC-610) only for a video runtime DLL changing PC on the game thread. *Recorded, REC-610 DirectDraw half* (2026-10-09, PC 1, Windows 10, Intel HD 630, windowed `-w`, modules DDRAW.dll + dxgi.dll): the x87 control word of the ga		unstated	no	
-	specs/ui/frontend-credits.md:5	spec/ui	PROVISIONAL with a REC id (METHODS M22). - **Target version:** 1.14d, English install - **Crate/module:** `d2-client::ui::front_end::credits` - **Related specs:** `ui/frontend-menus.md` (§F1.1 descriptors and buttons, §F1.3 flow, §F1.4 main		recording	no	
REC-225	specs/ui/frontend-credits.md:174	spec/ui	PROVISIONAL: no automatic return with the shipped files (because the scroll never updates the index the check reads); settled by REC-225. A list of ≤ ~62 rows in C returns on the first timer call (edge case 4). 7. With the shipped English f	REC-225. A list of ≤ ~62 rows in C returns on the first timer call (ed	recording	no	
REC-228	specs/ui/frontend-credits.md:308	spec/ui	PROVISIONAL: a disabled classic label is drawn in the same colour as an enabled one (because the label draw `0x00500C50` was not traced for the disabled state); settled by REC-228. 4. Input: no entry has a hotkey; no keyboard focus or arrow	REC-228. 4. Input: no entry has a hotkey; no keyboard focus or arrow n	recording	no	
-	specs/ui/frontend-loading.md:4	spec/ui	PROVISIONAL with a REC id (METHODS M22). - **Target version:** 1.14d, English install - **Crate/module:** `d2-client::ui::front_end::loading` - **Related specs:** `ui/frontend-menus.md` (§F1.3 flow, §F2.6 OK, §F2.8 difficulty box: this spec		recording	no	
~REC-220	specs/ui/frontend-loading.md:126	spec/ui	PROVISIONAL classic value statically; its capture still confirms).		data	yes	
REC-221	specs/ui/frontend-loading.md:312	spec/ui	PROVISIONAL: 0x04 comes in the tick after the warp, as at the join (because the warp activates the arrival rooms in the drain and the next tick populates them, and the recorded new-act units arrive in that tick); settled by REC-221.	REC-221	recording	no	
~REC-223	specs/ui/frontend-loading.md:348	spec/ui	PROVISIONAL. The preload draws run with the art held, so L3 does not run and the `Loading` palette is not set again. The frames therefore use whatever palette `0x00482EF0` left: Act V's (`render/composition.md` §4), if that palette load (`0		recording	no	
-	specs/ui/frontend-menus.md:4	spec/ui	PROVISIONAL with a REC id (METHODS M22). - **Target version:** 1.14d, English install - **Crate/module:** `d2-client::ui::front_end` - **Related specs:** `ui/text.md` (fonts, text draw), `ui/panels.md` (UI art conventions, DC6 draw, states)		recording	no	
REC-201	specs/ui/frontend-menus.md:295	spec/ui	PROVISIONAL: D2Win draws a list in creation order (because the builders add the background first); settled by REC-201. 5. `Diablo2.dc6` (descriptor 5, (240,120) 320×151) is preloaded but no builder found here adds it.	REC-201. 5. `Diablo2.dc6` (descriptor 5, (240,120) 320×151) is preload	recording	no	
REC-205	specs/ui/frontend-menus.md:372	spec/ui	PROVISIONAL: class' 8 / 9 draws the dead (grey) figure of the female / male body (because 8 and 9 are outside the 7 class tokens and only used for dead hardcore); settled by REC-205.	REC-205	recording	no	
-	specs/ui/frontend-options.md:4	spec/ui	PROVISIONAL with a REC id (METHODS M22). - **Target version:** 1.14d, English install, expansion installed (classic tables named only) - **Crate/module:** `d2-client::ui::front_end::options` - **Related specs:** `ui/frontend-menus.md` (main		recording	no	
REC-644	specs/ui/messages.md:214	spec/ui	PROVISIONAL (REC-644): bytes ≥ 0x80 depend on the machine's ACP; the reference PC reports ACP 65001 (UTF-8, registry `Nls\CodePage\ACP`), under which `MB_PRECOMPOSED` may make the call fail (documented ERROR_INVALID_FLAGS for UTF-8) and lea		unstated	no	
REC-515	specs/ui/panels.md:547	spec/ui	PROVISIONAL (REC-515): the stash and shop modes the same (because the family draws one mode panel in one place; settled by a stash or shop scene). 2. Layout records: on a change of `InventoryArrangeMode` `[0x007A5218]` (0 for 640 × 480, 1 f	a stash or shop scene). 2. Layout records: on a change of `InventoryAr	data	yes	
REC-60	specs/ui/text.md:585	spec/ui	PROVISIONAL reading, REC-60 no longer needed.)		recording	no	spec-settled REC-60->q-fix-d2s-token-ref,q-fix-edit-scroll,q-fix-format-lookups
-	specs/world/objects-client.md:8	spec/world	PROVISIONAL choices are listed in `docs/handoff/impl-final-objclient.md`). - **Target version:** 1.14d - **Crate/module:** `d2-client` (client object update; the model is `client/model.md`), with the rows of `objects.txt` from `d2-data` - *		unstated	no	
REC-45	specs/world/objects-client.md:401	spec/world	PROVISIONAL: the generic step reaches mode 2 itself at the end of mode 1 (because the rule cannot hold after the step has advanced the frame at a non-zero speed); settled by REC-45. Why: at call site A the generic step `0x004BCBB0` has alre	REC-45. Why: at call site A the generic step `0x004BCBB0` has already	recording	no	
REC-45	specs/world/objects-client.md:592	spec/world	PROVISIONAL, REC-45). 8. ClientFn 14, 15, 18 set T from a second `GetTickCount` read after the work, not from now.		recording	no	
REC-45	specs/world/objects-client.md:669	spec/world	PROVISIONAL: ClientFn 16 never fires; the generic step reaches mode 2 (because the frame has advanced past `Start1` × 256 before the test); settled by REC-45. 2. What `0x0046F870`'s flag 1 (orifice preload) changes against 0 (`client/msg-ui	REC-45. 2. What `0x0046F870`'s flag 1 (orifice preload) changes agains	recording	no	
REC-27	specs/world/quests-act2-2.md:521	spec/world	PROVISIONAL: byte 6 of the 0x58 for results 0, 1, 4 is sent as 0 (because the original byte is stale stack data with no readable source); settled by REC-27. **Needs recording:** R-PQ-9 (`docs/handoff/pc2-rec-pc2-quests.md`, = HANDOFF §7 PC 	REC-27. **Needs recording:** R-PQ-9 (`docs/handoff/pc2-rec-pc2-quests	recording	no	
REC-27	specs/world/quests-act2.md:1199	spec/world	PROVISIONAL: sent as 0 (because the original byte is stale stack data; `quests-act2-2.md` open question 1); settled by REC-27. Needs recording: R-PQ-9 (`quests-act2-2.md` open question 1).	REC-27. Needs recording: R-PQ-9 (`quests-act2-2.md` open question 1	recording	no	
REC-790	specs/world/quests-act5-2.md:697	spec/world	PROVISIONAL: the Ancients' removal `0x0058BEC0` (§7.6) clears state 54 and removes the unit at once (mode 12 not modelled; REC-790). Settled by R-PQ-13 (`docs/handoff/pc2-rec-pc2-quests.md`). Baal's gold pile `0x0055B030` (§8.7) is `0x0055A	R-PQ-13 (`docs/handoff/pc2-rec-pc2-quests.md`). Baal's gold pile `0x00	data	yes	
REC-790	specs/world/quests-act5.md:806	spec/world	PROVISIONAL: "kill in place" (§1.1), Anya leaving town (§5.9) and the thawed statue leaving its room (§5.6) remove the unit at once with S→C 0x0A to every player (the mode 12 set, its animation and a unit kept outside any room are not model		data	yes	
REC-860	specs/world/quests.md:696	spec/world	PROVISIONAL, REC-860). Edge (c) (no room → 0) is not modelled: d2rs returns the NPC itself. The 0x8A send is checked against 1.14d: `traces/checks/packets-town-arrival-ama.check` (`8a 01 07000000` at frame 24, every S→C message of 40 frames		recording	no	
REC-11	specs/world/quests.md:1202	spec/world	PROVISIONAL: Flavie's chat draws twice from the player seed and lists two lines (because that is the reading of the handling records, §9 and `quests-act1.md` §10.3); settled by REC-11. Needs recording: R-PQ-1 (`docs/handoff/pc2-rec-pc2-ques	REC-11. Needs recording: R-PQ-1 (`docs/handoff/pc2-rec-pc2-quests.md`	recording	no	
REC-34	specs/world/quests.md:1258	spec/world	PROVISIONAL: a played completion leaves exactly the bits §1.8 rule 3 and the per-quest tables give (because those are read from the quest handlers and no other writer is known); settled by REC-34. Needs recording (R-PQ-5, = HANDOFF §7 R-QC-	REC-34. Needs recording (R-PQ-5, = HANDOFF §7 R-QC-1): a 1.14d charact	recording	no	
